dnasequence,percent
GCAAATATAAGGCTAAGATATGACTAAGTGATTGAACCCGGGCTGGCCACTATCCTTCTACTTTTTACATCCGATCACCGCTACGATTGACAAATAGAGATCCTGGCCATATGAGAGGACTTGGGACTCCAAGTAGACCCGTTTTCGGTCGTTTTTCTGCCTTTCCCGAATTCCGGGTCCCTGGTCCAGCAAAGCGTCTCGCAA,76.47
AAAAACGTACGTGGTCGATAGGGCCAAGGTTCTGAACCCCGGGCGTCGATAACCCCTTTACTTTTTAGTTCTACGCTGCGCCAGTATTGTCAACAGTAGGTGCTGGCCAATCGAGGGGAACACGGACTACAATTAAGCCGGGTTGCAGCCTTTTATCTGCACTTCCGGAAATACGGTCCCCGTGACGAGTAACTCATCCCACAA,80.39
GTATGCTTAACCTGCCTAATCTCATGAGCCCTGCGGGACCAATACCGTTTTCAAGCTCGGTCCGGTTTAAGAAGATTCCTGACATACACCAACGTTTGCGTGTCCGCACCTACGGGGGGTCATAGTTAACGACCGCAGGTTCTGTGAGGTGGGTGAGCAGCTTTCCCGCTTCCCGTTCTAGAAAAGGAGCGTGTAATTGCGGAC,50.49
AAATAAATTCCAAGACTAGAGGACTAAGGGTTTGAACCCTCCGCTTCCATTAGTCTTCTACATTATAGTCCCGAAGTCCGATACTAAATGCAATAATGGATCGGATCCAATCGAAGGGAATGGGTAAGCCAGGTTGTCCGGGCTTTAGCCGTTTTCCAGCCTTGCCCATATACCCGGGCCCTAGTCGATTAATGCATTGCGGAC,68.63
AAACAGCAGTGTATTCGCGAGCGCTCAGATAATAATCGGCAGGCGAAGCCGAGCTTTTCATAATTTACGACGTCGCTTCTCTAGCCTTATCAACAGTGGCTCCTTTACACCCCTGGGGTACACGTGCGCTAAAGCAACCGGGTTACAGCCATGATTTTCCGTAATGCGAATCCCGGATCAGTTTCGGACGAATGGATCCTGGAG,53.43
GAAAAGTCTCTGGCGCTGCAGAGCTGGGATCCTTAGTAACGGGCTGACCTGAGTATCTTACACTAAAAGCCCGGTTACCTTTGTTAATACGAAGGATAGGTGTTGGGCTAAAGTAGCGAAGACGACGGCCACGTATCCCTATCATCGGCCGTTGATCTCCCCCTCGATGGTTCTTGATAATCTCTCGAACTAAGCAACTCGAGA,50.49
GGGCAAAACTGCCTACGGGGGCACTATGGAACTGATCGCTGGCATCCCATTACCTTTTTGAGTTGTCGTTGGGCCGAGCTCTGAGAATGACTAAAGTAGGTCCTGACCATTAGGGTCGACCACGTACATCGGCGATACGAAGAATCAGCATTGAATCCGCGGGTCCCGAATGCCATTTCCGTAGGCGAGGCCAGGAGGGCTCGA,59.31
AGATTTGTATTCGTATTAACGGCCCACGCGGGTGTGGCACGGGCGACCACTTAATGTTTAAAGTTCACATCCGATCCCCGTTAATAATGAACCAAGTAGGTGGCGGCGAGTTAAGGGTCAGGGGGACAGGCGAAGAACGGGATCTCGGCCTCCTCGCAACCCCGTAGGATACTGGCGCACGTAATGCAGCGGAGTACCTCTAAA,51.96
ACCAACATCAGGCTAAGCAATCCCCGTACGATTAAAACGAGGCCGTCCGCTAAGAAGTTATATTGTACGTCGGCGCACTGCGAACTTTCACATCAAGAGGTTAATACCATTCCAGGGGAATCGGGCCTCCAACCAGACCGGTCCTGTGGATTTTATTAGCTATAGCCGAGTACGTTTTCCCTTATTGCGTGATGATGTGCGCAT,60.78
AAACATAGACGCGGCCTAAAGTGCGATCGTGATGAACCCGTCGCGCCCATTATCCTTTTCCATTCATTGGCCGTGTACCGCCACTATTGTGAACGATAGGTGTTGGCCGTTCGATGGGAGCGGTGGCCCGAATTTGACCGGGTTTCAGCAGATTATCTGCCCATTCGCCGTTACGGTTCCACTGTCCTGAACAGGAGCGCGCGA,70.59
AAAGAAATAAGCGTTCGAAAGGGCTAAGGTTCAGAACCCCGGGCTTCCATTACCCTGTTACATTTTAGTTCCGCGCACCGCTACTATTGACAAAAATAGGTGCTGGCCGTTCAAAGGGAACGGGGACTCCAAGTCAACGGGGATTCAGCCCTTTATCTGCCTTTCCCGAATACCGGTTACCTTGTCGAGTAAAGCAGCGCGCAA,92.65
ACCTTATCAGGCGGACTAAATGCCTCAGGTCTAGCTCCCTGGGAGAGCAGCACAGATTTGTTTTGGAATGCCGAGCTCGGCTACTGTCGAAGAAAATAAGACCTGGCCCTCCGTGCAGAGCAGGTTGTGAAATGCGAAAAGTAGGCTGCTCTTAATATGACCTTTCAACGCGACGTTTCGCTTCGCCTCGGGCCTGACCCTGAA,51.96
ACGATCATTGGCGTGAGGGAAACTTATGTTTATGAACACCGAGCGTCCATTACGCCGTTACAATGTGGGTAAACGCACCGGTACAATTAACACAAATTTGCCCGCGCTTTGCAACGTTGACGAGCACGCCAACTAAACCGGGTTTCCACCTTTCATGGGCTCTTGACGGATTCCGGTCGTCTCGTCGAATAAAGCACCGAACAA,66.67
ACAAAAATGGGCGCACGAATGTGCTAATTTCGTGAAGCGCAGGGGCCCAAGATCAGGCAAGATTTTAGGTCCGCGCAACGCTACTAATGACTAAATTCAGTGCTGGCCGTTCGATGGGAACGGGGGCTCCAAGTAAACCGGGTTGCAGCCTTTTTTCTTCATTTCCCGAATTCCGGTTCCCTGGTCGAGTAAAGCAGGTCGGAC,79.41
GAACAAATTGACGTACGAAAGGGCCAAGGTTATGAACTCCGGGCGTCCCGACTTGCATTACAATTTAGTTCTTCGCACCGCTACTGTTGACAAAGATCGGTGTTGGCCATTGGAGGGGACCGGGGATACCAAGTACACCGGGTTACAGTCTTCTATATCCCTTTCCCGAATTCCCGTTCTCTTGTCGAGTGAAGCAGCGCGCAA,85.78
AAAAGCTTAGGCGTACGAAAGGGCTAAGGCTCTGAACGCCGGGCGTCCAAGAGGCTTTTGCATTATAGTGCCTCGCACCGCCACTATTGTCAAACATAGGTGCTGGCCATTTGAAGGGAACGGGGACTCGAAAGAAGCTGGATTTCAGCCTTTCATCTGCCTTTCCCGAATTACGGTTCCATTGTCGTGTAAAGCCGCGCGCAA,85.78
GAAATTTTCGGGGTATGAAAGGTGTAACAAACTGAGCTAAGCGCGCCCAATACGCACTAACACTCTAGCCTCTAGACGACTTACCTGCTACCACAGAACGTGCTGGGCATGCAACCTGCAAGAAGGCAGCACGTATACAGGGAACAGCAGCAGCATCTGTCTTCCTCGATTTCGGGCTTCCTTATAAAGGCAACTCTCGGGATT,56.37
AAAAGAATAGGCGTTAGGAAGGGAGAGGCGTCCGAACCCCGGGCTTGCGTCACCCGGTTACATTTTAGTTCCAAGCACCGCTGATAGTAACAAAAGTATGCACGCGCCTGTAGCGGAGCACGGGGCATCCACGTAGACCGTCCTATAGCCTTTTATCGGGTATCCGCGACCTCCGGGTCTCTTGTCGAGCGACGCAGCGCACAG,71.57
ATAAAGAGGTGCGCACGATTGCGCTAAGCCTCTCAACCCATGCCCAACATTTCCCTGTTATATTTTTGTTTCGCGCAGCGGTGTTGTTGACCAAAATGGGTGCTGGCCATTGGAGGGGAGCAGGGACCCGAAGTCAACCGGGTTTAAGCATTTTATCAGCGGTGCCCGAATGTCGGTTCCCTTGTCGAGTAAAGCAGTATGCAA,76.96
AAAAAAATAGGGGTCCGAAAGGGATAAGGTTCTGAACCCCGGGAGTCCCTTACGCTTTTACGTTATATTACCACGCACCGCTAGTCTTGACAAAAATAGGTGCTGGCCATTCGAGGGGAGCGGGGGCTCGAAGTAAACCGGGTTTCAGCCTTTTATCCGCCTTTCCCGACTTCTGGTTCCCTTGTCCGGTAAAGCAGATCGCAA,88.73
AAAAAAATAGGCGTACCATTGGGCTAAGGTTCTGAACTCCGGGCGTTCATTACCCTTGTACAATTTAGTTGCGCGGAACGCTACTATTGACAAAAATAGATCGGATCCATTAAATGGGGACGGGGACACGAAGTAAGCTCGGTTTCGGCCTTTGCTCTGCGTTTCCCGAATTCCGGTTCCCTTACCAAGCAAAGCAGCGTGCAA,85.29
AAAAAAATATGCGTACTAAAGAACTAAGTTTCTGAACCCCGGGCGTCCAATTGCCTTTTACATATTAGTTCCGCGCACCGCAACAATGGTCCATGATAGGGGCCGAGCGTTCTAGGGGATTGGGGACCCCAGGTTAGCCGGGATGAATGGTTGTCTTCTCCTTTCACGAATTCCGTGACGCTCGACGAATAAAGCAGCGCGAAA,76.47
ACACAAATTGGCGTACGTGACGGTTAAGCTTCTGAACCCCAGACGTCCGTTGCGCCTTTACATTATAGTGCCGCGCCCCGCTAGTATTGACACAAATAGGTTCAGGCCACTCCATGGATACAGGGAATAAAAGTGGATCGTGTATCAGCCCTTTCTCCCCGTCTCCCGCCTTCCATTTCACTTCTCGGGTAAAGCAGCGCGCAA,76.47
AAAAAAATAGGCGTACGAAAGGGGTATAGTTCTCAACCCCGGGCGGCCATAACCCTTTTAGATTTTATTTCCGCGCACCGCTACTATTGACAAAAATAAGTGCTGGCCATTCCAGGGGCACGGGGACTCCAAGTAAATCGGGTTTCAGCCTTTTATCTGCCTTTCACGAACTCCGGTTCCCTTGACGAGTAAAGCTGCGCGCAA,92.16
AAAATAATAGCCGTAGGATAGCGGTACGGTTCTGACCCCCGGGAGTTCTTTACCCTATTATGTTTGTGCTCCGCTCAATGGGACCATTGACTAAAAGAGGTGCTGCTCTTTGGTGGGGAAGGGGGATTCAAAGAATACTGGGTACCTGACTTTGATCTACCCGTCCCGGCTACGGGTGGCCCTGATGATTAAAGCAACGCATAA,72.06
GATAGAACAGGCGTACTATAGGGGCAAGATTCTCGATCCCCGCAGTCCACGAGGCCTTAACGTCTTAAATTCGCATGCCGTTAACGTGGCTATGAACTGATCGGATCCGGTCGAAGGAAAAGTCTAGGACCAATAAACTGGTTCTGGATATCTTAAGGGCTATATCCGAATTGGGCTCGCTTAGTAGCGTACAGCTCTGGTCGA,54.41
ACGAAAATCCGAATCCTAATGGTGCAAGATTCTCCAAGGCTGCGATGCATTCCTCTTTTCCTTGCTACTAACGTATAACGCTCCTGCGGAAAAAAATTGGTGCGGGGCAATTGGCACGAACAGAGTAGACCCTTCACCTGTCCTTAAAGTTTATACCGGATCTACCCAATATGCAAAACGCATGCAGAGAGAAGTCCCAGGGAC,52.45
ATAGAATTATAAGTGTGCATAGGCTAGGTGTGTGCACTACGATACTGTCCTTGCCTTGAACTTTTCCTTATACCGTACACATAGGATTGACACAAGGACATGCTCGGGTTAACATGGATAGCGGTCTCCCAGCTAACCCGCTTCTCATACATTCGTTAGCATTTTTCGATTTTGGGACAAAGCCACTAATAACGAATTGTGGAA,50.49
CAAAAAATAGGAGTAGGAAAGGGCTATGGATCTGGTCGCCGGCCGTCCATAACCCTTTTACCTTTTAGTTCCGCGCACCGCTTCTAAGGACGTCAATAGGAGCTTTCCATTTGACGGGTACCAGGACTTCACGGAAACCGCGTTCCATGCTTTTTTCGGTATTTCCCGAATACCGGACCCCTTACCGAGTAAACTTGCGCGGAA,77.94
AAAAGAATAAGGCTAAGAAGCGTCTAAGGTTCTGTACCCCGTACCTCCAGTACCCTTCTAAAGTTCTGTGCGCCGAACCGCCCCAATTAACAACGTTAGGTGTGAGCAATTCTACCGGATGGGGGCCTTCAGGCAAAGGGGTTACTAGCTTTTTAAACGCCCTTCCCGAATTCGGATCCCCACGTCTGGTAAAGCCGCGGCCAT,72.06
AACTAAATAGGTTTACGAAAGAGCTTGATTTCTTAACTACGTGCGTCCCCAAGTCTGTGACAATGCAGCTCTCCAGAAGGCTAATAGTTAATCAGATAGACGCGGGGCTTACGGGTGAATCATACATTTAAATTGGTCTGGGGTGCAGCCGCCTACTTGCCTCTCTCCCGTTCCCGTACCCTTGGCGCGCAAAGCGGAGCCCGT,60.29
AAAAAAATAGGCTTACGAAAGGTCTGAGGTTCTGAACCCCGGGCTTCCATAACTTTTCTACATTTTGGTTCCGCACACCGCTACTACTGGAAAAAATAGATGCTCGCCAATCAAGGGTAAAGGGGACTCCCTGTAAACTGGGCTTCAGCCTTTTATCTGGCTTTCCCGAAATCCGGTACCCTTGTCGAGTATAGCAGCGCGCAA,86.76
TAGAAAATATGCGTACGTAAGGGCTCAGTTCCTGAACCCCGGGCGGACTTTACCCTTTTACATTTTTGTTCCGCGCACCGCAACTATTGACAAAAATAGGTACTGGCCATTCGAGGGGAACAGGGACTCGAAGTACACCGGGTTTAAGCGTTTGATCTGATGCCGTAGAATTCCGGTTCCCTTGTCGAGTCCAGCGGCGCGCGA,87.75
AAAAAAATAAGTGTACCTACTCGTTAGGGAACTGGAACACCTGTGTCCATTTGCCACTGACATTTTAGTTCAGAGCAATACTGCGTTTGACGGAAATATTTACGGGCCAAGCGAGGGGAACGCGGACTCGTGGTAATCCGCGTTCGAGCATATTCGATGCATATCTCCGTATTCGGTCGCCTTCTGGAGTAGAGAAGCGCGCAA,68.14
AAAGAAATAGGCGTCAGAAAGGGCTAAGGTGTTGATCCCAGTGCGTCCAGTACCATTATACACTTTAGTGCCGCGCACCGCTACCATTTCCAAAAGTTTCTGCTCGCCATTCGAGCGGAACGCGGACTTCAAATTACCTGGGTTTCATCCTTTTATCTGCCTTTCCCGAATTCTGGTTTCCTTGGCGAGTAAAGAAGCGCGCAA,83.82
AAAAGAATGGGTGTAGTGAAGAGCGAAGGTCCTGATTCGTCTACTCTCGATATGCTATTACATTGTTGAGCATCGAACCGTGAGCGTGGCTAACCGTAAATCGGATCCCTTCGAACGGTTCGGGGGACACAAATAGTCCTGGTATCACACTTTTATGTGCCATCCCCGAAATCCATTTCCCTTTTCGCCTGACGCAGCGCGCAA,65.69
GGAGTAAGAAGGCTAAGAGTAGGCTACGGTTCTGAACACCGGGAGCGCATAACCCATTGACAATTTAATTCCTCAAACCGCTACTATTGACGAAAATTGGTGCGGACCATTCGAGGGGAAAGGGGACTCCAAGTATACCCTGATTTTGCCTGCTATCTGCCTTCCCCGAATTCCGGTTAGCTTGTCGAATCACCCAGCGCGCAA,78.43
AGATCATGCGGAATAAGAAATTGCTATGGTTCTGCATCCCGAGCCTCCAAGATTAGTCTCCATTCTAGCGCTGTGCGGCTTGACGCCCGAAGACAGATCCGTCCGATTAGGCGAGGCGTCCGGGGTATCCAGATTAACCGTTTCCCCCCTTTTTATACCCCTTCGCCGACTTCAGTGGCGCCGGTGGAATAAAGAAGATGGCAA,56.86
ATAAAAATCGAGGTTCGAAAGGGCGCAGGTACTGAACCCCGGGGGTCCATTACCATTTTACATTTTAGTTCCGCGCACCGCTATTATTGACAAAAAAAGGTGCGGGCCATTCGAGGGGAACCGGGGCTCCAAGTAAACCGGGTTGCAGCCTTTTCTCTGCCTTTCCCGATTTCCGGTTCCCTTGTCGAGTAAAGTAGCTCGCAA,90.2
AAAAAAATAGGCGTACGAAAGGGCTAAGGTTCTGAACCCCGGGCGTCCATTAGCCTTTTACATTTTAGTTCCGCGCAGCGCTACTATTTACAAATATAGGTGCTGGCCAATCGAGGGGAACGGGAACACCAAGTAAACCGTGTTTCAGCCTTTTATTTGCCTTTGCCGAATGCCGTTTCCCTTGTCGAGTTACCCAGCGCGCAA,92.65
ACAAAGGTACAACTCCGAGTCGCTAAGGGTTCCGAATACCAGAGGCCCGTTCCCCTTTTACACCTTAGTTCCGCGCACCGGGACAATTTCAAGCCGTCGGAACTAGCCTTTCGAGGATGACGGTTAGTCAAAACAACCCGTGGTCGAGATCCTTTTGTGCCTGTGCCGCATTCCATTAAGCCTGACGCAAAATCGGTCGCGCAA,61.27
AAAAAAATCGGCGTACGAAAGGGCTTAGGTTCTGAACGCCGGGCGTCCATTACCCTTTTACATTTTAATTTCGCGCACCGCTATTATTGACAAATATAGGTGCTGGCCATTCGAGGGGAACCGGGACTCGGATACCGCCGGGTTTCAGCCTTTTGTCTGCATTTTCCGAATTCCGGTTCCCTTGACGCGTAAAGCAGCGCTCAA,93.14
AAAAAAATAGGCATACGTAAGGGCTAAGGTTCTGCACCCCCGGCGTCCATTACCCTGTTACATTTTAGTTCCGCGCACCGCGACTATTGACAAAAATAGGTGCTTGCCATTCGAGGGGAACAGGGACTCCAAGTAAACCGGGTTTGAGCCTTTTATCTTCCTTTCCCAAACTCCTGTTCCCTTGTTGAGTAAAGCAGCGCGCAA,93.14
TGAAACATTGATGTCCGAACTTGTTAATGTCGTGCACCCCGGGCGTCCGTTACCCTTTGACACTTTAGTTCAGCGCATCACGACTATCGACCCAAATAGATCGGATCCGTTCGTCTGAAACGGCGCCTCCAAGTAAAGCGGGTTTGTGGGTTTCATCTGCCTTTACAGCACGGCGGGTCCCGTGCGAAGGAGAGATGCGCACAC,71.57
AAAAAACTAGGCGTACGAGAGGGCTAACGTTCTGAACCCCGGGCGTCCATTAACCTTTTACATTTTAGTTCCGCGCGCCGCTCCAATTGACAAGAACAGACGCTGGCGATTCCAGGGGATCGGGGACTCCAACTAAACCGGGTATCCGCCTTTTGTCTGCCTATCCCGAATTCCGGTTCCCTTGTCGAGTAAAGCATCGCCCAA,89.71
TAATATTCATGTGTACAGAAGCACTAAGGGCCTGGACCCGGTTCGCTGGTTACACACTTATATCTGAATTCCCCTCACCGATACTGACGGAAGAACCACGAGCTGAACTTCGGGGGAAGACGCCGCCTCTGTGTACATTGGATAGTTGCCTTTCAAATATAAGTCCCTGCGTAGGCATAGGCACCGCCGACTATGGAAGTGATT,54.9
TAATAAGTAGTTGTACGTAAGACCCGAGGAACCGAACCCTGGGTGACTAGTATCGGTTGACACGTCACTTGAACGAATGGCTGCTTGTAACAACAGTTGGTGCTACTCATTCGCGTACAAGGGGGTCTCCAAGTGAATCTCATAGCATCCGCTAATCTGCGACCTGTGGAGTCCTGTTGTGTTGTCGAGTAAAGCCGGCCGCAG,62.75
AATAAACTAGGCGTGCCAAGGGGCGAAGGTTCTGAACCCTAGGCGTCCATTACCCTTTTATATTTTGTTTCCTCGCACCGCTACTATTGAGAAAAATAGGTTCTGACCTATCGTGGGGAACGGAGAGTGCTAGTGTCCCCGGTTTCACCCTATTATCTCCCTTTCTCGATGTCCGGTTCCCTTGTCTAATAAACCATCGCGCAA,82.35
AAACAAATAGGCGTTCGAAAGGGCTAAGGTTCTGAACATCTGGCTCTCATTACCCTTTTACATTTTAATAACGCGCACCGCTACCACTGACAAAAATAGGGGCTGGCCGTTGGGGGTTAACGGGGCCTCCAAGTAAACCGGGTTCCAGCCTTTTATGTGGCACGCCTGCATGGCGGTTCCTTAGGGGTGTAAAGGAGCACCCAA,81.37
AAAAATATAGACTGACGTAAAGGCGAGGGTTCTGATACCTGGAGCTCCATTACCGTATTGCAGGTTAGATCCGCGCACCGTAACTGTGCACAAAAACAGGAGCCGGCCATACAAGGGGAATGGGGAGTCGAAGTCTACCGAGTTTCATCCGCTTATCTGCCTTTTCAGAATGCCTGTTACCCTGTTAAAGAAAGAAGCTCGAAT,74.02
ATACGGAAAGAATTACGTAAGGGCTAAGATTTTGCGCCCCTGGAGAGCGTTATGGTTTTACTTTTTAGTTGGGTGGACCGATTCGGTTTCCGCAAAAAGGTTCGTGACCTGCGAGAGCAAGGCGGCATCCCACTAAACCGGGTTCCTCCCTCTCATTAACCTTCTCATAGTTACGATTTTCTCGTTGATTACAGGAGCGCCCGA,64.22
AGAAACAAAGACGCCCTAAGACGATCGGGTAGTGGATCCTGAGCTTTAACTCCTATTAACGATTATAGTCCCGCGGATAGGTGAATCTGTGAGTGCCGCATCGGATCCTCACGTGTGCTACAAATGCTCCAAATAAACGGGGTTCCACGAGCTTTACTGATGGTTCGGCATTATGGGTCCCTTGCCTAGTAGCGCCCGGTGACA,53.92
TGATAAGGTGTCGATCAGAATCAATTGGGTTGTGCAGCCGGGCCGCACTGCAAACCCAAAGCCTCCTAGGGCTCGGACCGCTCACTTGGCAGAAACGAAGCAGTTGCCAGCCCCGCGGAGAGTGGACTCCAAGGAAACTAGGTGTGTACTTCATATCTAGCGTACCAGACGTCAGTTTTCCATCTCGTTAGCTGGGGCACTAAA,50.49
TAATTAATAGGGGTACGCAAATCCTATAGCTCAAAACCTCGGGCATCCATTATCCTTTTACATTTTAGTTCCACCCCCCGCTACCATTGACGAAGATCGGTGCTAGCCATGCGAGGGGACCTTGAACCAGGATACCGCGCGGTATCAGCGTTTTATCTACGTTACCCGAATTAGGCTTACCGTGTCGAGTAAAACAGCCCGCAA,76.47
AATACAATAGGCGAACGAAAGGGCTTAGGTTCTGAACCCCGGGCGTCCATTACCCTTTTACATTTTAGTTCGGCGCACCGCTACTACTGACAAAAATAGGTGGTCGCGATTCGAGGGGAACGGGGACTCCAAGTAAACCGGGTTTAACCCTTTTATCTGCCTTACCCGAATTCCGGTTCCATTGTCGAGTAAGGCAGCGCGCAA,93.14
AAAAAAATAGGCGTAGCTAAGGGCTAAGGTACTCAACCCCGGGCGTCCACTACCCTTTTCCATTTTAGTTCCGAGCTCCCCGACTGTTGACACAAATAGCTGGTGGCGATTCGAGGGGAACGAGGACTCCAAGTAAACCGGGTTGCAGCCTTTTATCAGAGTTTCCCGTATTACCGTTCCCTTGTCCAGTAAAGCAGCGCGCAA,87.75
AATAAAGTAGGGGTACGTAAGGCCTCGGGTTCTGAACCAATGGCATCCATAACGCTTATTCAGTTTAGTTCCGCGTGCCTGTACTTTTGACACAAATAGGTGCTGGCGATTGGAGGGGAACGGGGACTCCAAGTAAAGCGGGTGTCAGACTTTTTAGTGCCTTCCGCCATCTGCGGTGCTCATGTTGTGTAGGGCATCCCCCAA,77.45
GACAAAATCTTCGCGCGAAACGGCTAATCCCCTGAACCCCGGGAGAAGATTACCTCTTGCCACTTTAGTACCTCTCTCCGGTACTATTGCCCCAAATACGTGACGGTCATTCGAAGGGCGCCGTGACTCGAATTAACCTCGGTTTCCTACTTTTATGGGACTTTCCTTTCTGCCGGTTCCCTCGTCGAATAAGGCAGCGCTCAA,71.57
ATAAAGATTCGCGGACTGAGGAGTTAAGGATCCGAACGGCCGTGGCAAATTAACCTCCTACATTGTTGTAGCGCGCAGGTATCCTTTGCAGAAAAACTGATCGGATCCATTACATGGGTACTGGGGCTACGTGGGAACCGGGAATATACATGTTATCGCCCCGTTACTCATTCAGTATACCTTGTTAAGTAAAGCGGCGCGAAA,63.24
AAAAAAATAGCCGTACGAAAGGGCTAAGGCTTTGAACCCCGGGCCTCCATTACCCTTTTACATTTTAGTTCCGCGCACCGATACTTTTGACAAAAATAAATCGGATCCAATCGAGGGGAACGGGGACTGCAAGTAAACCGGGTTTCAGCGTTTTATCTGCCCTTCGCGAATTCCGGTTCCCTTGTCGAATAAAGCAGTGCGCAA,92.65
ATCAATGTTGCGGGACGAAAGGGCTGAGGTTCTGAACTCCGTACATTCATAACGCGCTCACTTTTTCTATCCGCGCACCTCTTCGGTTGACAAGTACATGTGCTAGCCATTCGTTGGGAATGAATGCTCCAAGGAAACCCGCTTGGATCCTTGTCTCTACCCCTCAAGGATTCCGGTCCCCAACTCGGGAACAGCAACGGGCAG,69.12
AAATAAACAGGCTTACGAAAGGGCTAACGTCGTGACCCTCCGGCGCCCATCACTCTTGTACATATCAGTTTCGCACACGGATACGATTGACGTAACTAGGACCAGGCCAATAGACCGTAATGGGGACTCCAAGTAAACGAGGTTCTAGCGTTATACCCGGCCTTTGTCAAGTCATATTCCCTTCTCGAGTACAGCATCGCGCAA,74.02
GAAAAAGTAGGCGTACGAAGGGGCTAAGGTTCTGAACCCCGGGCGGCCATTTCCCTTTTACATTTTAGTTCCGCGCACCGCTAGTAATGACAAAACTAGGTGCTGGACATTCGAGGTGAACGGGGTCTCCAAGTAAACCGGGATTCAGTCTTTTGTCTGCCTTTCCTGACGTAGGCATCCTTTGGCGAGTAAAGCAGCGCGCAA,91.18
TCAAAGCTAGGCGGAGGAAACATCGAAACTTTACTAGTGCGCGCGTCCAAGCGGCATTACCATAACGGAGCTAAGTCTCGGTACCTTTGCGGAAAATCGCGTTGGGCTAATCTACGACAAATGAACTTCCAGCTTACCATGCTTTCAGCTATTTAATCAACTTTTCACTTAAACAATCCAAGTCTCGCCTGCGGGAGCGCGCAG,50.98
AAAAACACCCGCGGCTGTAAAAGCCCAGGATCTGCACACGGGGATTTCGTCACAGTTTAATTTTTTGGCATCATTCAACCAGAGTATTGACAAATTTAGCTGCTTCCCAGATAAAGAAACGCGGGTCTCCCAGAACAGCGGATTTTTCGCTGCTATTCCACTTTTACAACGTAGGCATTCCGAGTCGGGTATAGCTACGAGCAA,59.8
GAATGAATGGGCGTGAGAATGCGCTAAGGTTTTGAATACCGGTCGTCCATTACCCTAGGAGAATTTAGTTACGGCGACCTTAACTATTCACAGAAATAGGTACGTGCGATTTGACGGCAACTGGCACGCCCATGAAACCCAGCTTCACGCTTTTATCTACCATTTCCGCGTTCCGGTTCCCTTATCGAGTACAGCAGCGCGCAG,74.51
AAAAACATAGGCGGACGAAAGGGCTAAGGTTCTGAACCGGGGGCGTCCATTACCCTTTTACATTTTAGTTCCGCGCACCGCTACTATTGACAAAAATAGGTGCTAGCCATTCGAGTGGAGCGGGGACTCCAAGTAAACCGGGTTTCAGCGTTTTATCTGCCTTTTCCGAATTCCGGTTCCCTTGTCGAGTAATGCAGCGCGCAA,95.1
AAAAACATAGGCGTACGTAAGTGCTAAGGTTCTGAACCCCGGGCTTCCATTTCTCTTTTACATTATAGTTCCGGGCACCGCTACTATTGACAAAAATAGGTGCTGGCGAGTTTAGGGGAGCGGGGACTACAGGTAAACCGGGTTTCAGCCTTTTATCTGCCTTTCCCGACTTCCTGTTCCATTGTCGAGTTAAGCAGCCCGCGC,89.22
CAACAAAAACGTTTCCTACATGGGCCAGGTGCTAGTCGCCAGCTGGACTCTCCATTTTTAAACTCAAGATCAGATCACCGCTATAATTCCCCAAAACAGGGAATTCCGAGTCTAGTATAAAGTAGAAGCCGGCGCTTCCACGTTCAAGCCTTCTACCAGATAGCTCCTACATAATGTCCTGTTGGGCAGTGAAGCTGCGCTCAA,54.41
AAAAACGTACGTGCTCGAAAGGGCTAAGGTTCTGAACCGCGGGGGGTCATTACCCCTATATGTTTTAGTCCCGCGCACCGATACACTCGCTACACAAAGGTGCCGGACTATCGAGACGAACGGGTATTCTAACTAACCCAGGATTCAGCCTTGGACCTGCCTTTATTGAATTGCCGATCCCTACTCGAGCAAGGCCGCGCGCTC,75.49
AAAAAAGTACGCGTACTAACGTGCTAAGGTTCTGAACGACGGGCGTCCATTACCATCTTTCATTTTAGTTCCGGTCGCCTATACTATTGACAAAAACAGGGTCTGGTCATCCGGGGAGAACGGGGACTGAAAGCATACTGGGTTCCCGCGTTTTAACAGCCTTCGCCGAGTTCCGGTTACCTCGTCGGGTAGAGCAACGCGAAA,79.9
AAAGAAATAGGGGCAACAATTGGACAAGGTTCTGAACCCCGGGCATCACTTACCCTTTTATAATTTAGTTACGCGCACCGCTACGATTGACAAAATTATGCGCTGGCCGCTCTAAGAGAACGGGGAATACACGTAACCCTGGTTTCATCATTTTTTCTGCCATTCCCGAATACCTTTTGCCTTATCCAGTAAATCCGCGCGCAA,79.9
CACAGCGGAAGTGAATGAAGGGGGTAAGGTAGCGAGCCCTCGTCGGCCTGTTCGCTCGTCCATCTTAGTTAGGCTTCTGCAGTCTATTATCAATAGTCGATCGGATCCCCTCTTAGGCAACGGCGTCTGCAAGTCTGTGTGCTGCAAACCTAGCCAGGTCCTCCCCCTAATTCCGTTTCACTTATCGGTTCTAATGAAGCATAC,53.92
ACAAAAATAAGCGTACGAAAGGGCTGACGTGAGGAACATCGCGCGTCCCTTACCCTTTTACCTTTTAGTGCGGCGCACCGCTACTGCTGTCCATATTAGCTGCTAACCATTCGAGAGGAACGGGGACTCCAAGTTAAGGGCGTTCCAGCGTTTTATCTTCATTACTTGAATTCCGGTTCCATTGTGGAGTAAAGCTGCACGCCA,80.39
AACAAAATAGGCGTACGAAAAGGCTAGGCCCCTGATCGCCGGGCGTCCAGTACCCTTTTACAGTTTAGTTCCGGGGACCGCTACCGTGGCTAATCATTTATCGGATCGGTTGGACGGCAACTGAGATTGTAGGTCAATCGCGTTTTGGGCTCATATATGCCGTTCCCCCATCCCGGTTGCGTCGTCGAGTCAGTCAGCGCCCAA,74.51
AAGAGCATGAGGCTAAGAATGGGCCAAGTTTCTGAACTCCTCACATCAATGTTCCTGTTACATTTTACTTCCGCCCAGCGCGCCTGCTGACAACAATAGGGGCTGGCTATTCGAGGCGAGCGGGGAGTTGACGTATACCTGGCGTGAGCTTTTGATCTGCCTTTCCCGCATTCCGGTTCGATCCCCCTGAAAAGCTCCCTCCAA,72.06
AAAAAATTGGGTATACGAAAGGGCTAACATTCTCAACCCCGGAGGTCCCTTACCCTTTTGCATTTGAGTTCCGCGCATCGCTACTATTGTCAAAAATAGGTGGTGGCCATTCAAGGGGATCAGGGACTTCAAGTAAACCAGGTTTCAGCCTTTTATCTGCCTTTCCTGAAATCCGGTTGCCCTGTCGAGTAGAGCAGCCCGCAC,86.76
GAAAAAATAGGCGTACGAAAGATCTAAGGCTCTGATTCACGCGCGTCCATCACCCACTTACTCTTTTGTATCGCGCACCGCTACTATAACTAAAAATAGGTGCTGGCCCTCCGTCAGCAGCAGGGACTCCTAGTAAACGGGGTCAATGCCTTTTAGCTTCCTGGGCCGAATTCCGGTGGCCTTGTCGAGTAAAGCATCGCACAA,81.37
GCAAAAATAGACGCTCGCTTGGCCTAAGGTTCAGGTCCCCGGGCCCCCATTTCTCTTTTACATTTTAGTATGTCTCCCCCTTGATATTGCCAGAACTAGGTCCTGGGAATTTGAGGGGAATGGGGACTCCAAGTAAACCGGGTGTCAGGCTTTTACAAGCCTTTCCTGAATTCCGGTCCTCGTGTCGAGAAAAGCTGCGCGGTA,76.96
ATAAGATTTCGTGAAAAAGATCGGTACGTGGGTGAAGAGCGCTGTTCGATGTGCATTTTATGTTACTTACCCGTGCCCCTATCCTCTAGTCCGGAAAATGTGATTGCAGCTATCCAAGATAGGGAACTTCAGCCAAGCCCGGACCCAGACTTGCATTCGCTTCTCCGTCGTAGGCAGTTTCTTCTCGAGATCATTACTTGCGAA,50.98
AAAAAAATATGCGTACGAAAGGGCTAAGGTTCTGAACCACGGTCTTTCATTACCCTTTTACATTTTAGTTCCGCGCACCGCTACCGTGGCTAAAAATAAGTGCTGCCCATTCGAGGGGAACGGGGACTCCAAGTAAACCGGGTTTCAGTCTTTTATCTGCCTTTCCCGAATTCCGGTTCCCTTGTCGAGTAAAAAAGCGCGCAA,94.61
GAAGAAATTGGCGTAATAAAGGACTAAGGTTCTGAAGTACGAGTGTCTATTACCGTTTTCATTTTTAGTTGTGGGCATCGCAACGATTGACGCAAATAAATCGGATCCATTCGACGAGAACGCGGACTCAACGGATAAAGGCTCTCCGCCCTTATTCTGCCTTTCAGGTCTGACTGTTCCCTGGGCCAGTATAGGAGGCCCCAA,72.06
TAATACATCAGCGTACGAAATGGCTTCGATTCTGAACCCTTGACGGACATAGCCGATTTCCATTTCAGTTCCGCGTAACGCTACGATTGACAAATTAAGGTGCTGGACCTTCGAGGGGAACCGGTACTCCAATTACATTTGCTTACATCGTTTTCTATGCTTTTCCCGAAATGCGGTTCCCTTGTTGAGCATATATGCGCTCAA,75.49
AAAGAAGTAGACGTGCGAAAGCTCTAAGGTTAGGAAGGCCGGGTGTCCAGTACCCTTTCTTAGTTTAGTTGCACGAGCCGTTACTATTGGCAAATATCGGCTCTGGCCACATGAGAGGAAAGGGGACTCAAAGTAAAACGGCTCTCAGCCTTTTATCTGCCTTTCCCGTATTGGCATTCCTTAGTTCAGTAAAGGATCTCGTAA,76.47
AATAGCATATGCATGCGAATTGTCTTACGCTCATAACACTTGGGGTCTAGATCCAGTTTTCCTTTTAGTTCACTCCACCGCTAGTGGCGACAAAAACCGGCTGTAGATGTTCCTCAGCAGCAGGGACACGAAGTAAACCGAATGTCACTCACCTCTCCCCCTCCCGCGAGATCCGGAGCCCCTGTCGATTACATCAGCGCGCAT,64.22
AAAAAAACTGGCGTGCGAAAGCACTACCGTTCTGAAGCGTTGACGGACATTCCCTTTGAAGATTTTAGTTCCGTGCACCGCGACTATTTACTAAAATAAGTGCTGGCCATTCGCGGGGAACGGAGATACTAAGTACACCGGGTATCACTCTTTTCCCTGCCTTCCCCCAGATACAGTTCCCTTCTCTCGGACCGCAGCGCGAAT,77.45
GAGATAATAGGCATAGAAATCAACTAAGATACTCCGTCCCTGGGGTTCATCATACAATTACATACACGCGGCGCTTGCCCTTCCCACAGCCAAGACTCTGGGCACGTCATACTAGGAGCGAGAAGGGACCAAATAAACCGGGTTCCAGCATTGAATGAGCCTTAGCATTATTTCGCTAGCGCCCTCAAATACATACGAGACTAT,55.39
CAAAAAATAAGGCTAAGGAAGCGCCGAGGTGCTGAACCCCGGGCGTCCATTACCCTTTTACATTTTAGTTGCGCGCACCGCTGCAATGGACAGAAATAGATCGGATCAATTCGTCGGGAACCGTGTCTGCAAGTAAACCGGGATTTAGCCTTTAATCTGCCTTTCCCGAATTCCGGTTCCCTTGTCGAGTAAAGCCGCGCGCAG,88.24
AAAAGAATAGGACAACGAAAGGGCTAAGGTTCTGAACCTAGTGTCGCCAATATACTGTTACATTTTAGCTCCGCGCACCGTTACTATTCAGAAAGAGAGGTGTTGGCTCCTAAACAGGAAGGCGGCCTTTAAGAAAACGGGGTTACATCCTCTTGTCTGCATGACACGAATGTCGGTTCCCTTCTGGAGTAAACCATTGCGCAA,75.49
AAAAAAGTAGTTGTAAGAAAGGGCTAATGCACTAAACCGCGGGCGTTATTCACCCTTTTACATTTTGCTTCCGCGCACCGCCACAATCGAGAACAATAGATTGTGGCTATTTGAGGGGAACAGGAACTCCAAGGAAACCGGGTTTCTGCCTTTTCTCTGCCTTTCCCCCCGTCCAGCTCCCCAGTCGAGTAAATCATCACCCAA,79.41
AATAAAATATGCGTACGTAAGTGCTCAGGTTCTGAACCCCCGGCGTCCATTACCCTTTTACATTTTAGTTCCACGCACCGCTACTATTGACATAATTATGTGCACGCCACCCGGGGGGAACAGGGACGGCAAGTACACCGGGTATCAGCCTTTTATCTGCATTTCTTGAATTCCCGGTCCCTTGTCGTGTAAAGGAGCGCACAA,86.27
AAACAACTAGACCTAGGAATGGGCTAACGTTCTTAACTCCCGCCGTCCAGACTTGCATTAAAATTCAGTTGCGGGCAAAGCTGGTAGCGACATAAACAGGTGCTGGTCCTTCTAGGTGAACTGGGACTCCCAGTCTCCCCTGTTGGCACCCTTTTTCTTCCATTACCGAATCCAGATTTCCACGGCCACAAAAGCAGAGCGGAA,72.06
AAAAAAATAGGCGATGGAAAGGGCTAAGGTTCTGGACCCCGGGCGTCCTTTACCTTTTTACATTCTAGTGCCGTGCACCGCTACTATTGACAACAATAGTTGCTGGCCATTCGCGGGAAACGGGGACTCCAGGTAAACCGGGTGTCAGCGTTGTATCTGCCCTTCCCGAATTCCGGTTCCCTTGTCGAGTAAAGCAGCGCGCAG,90.69
AAAACAACAGGCGAACGAAAGCGCTAAGGAAGTGACCCCCGGGCGCCCATTGGCCTTCTACATATTAGTTTCCCTTACCGTTAGTACTGATACAGATAGGTTCTTGCCATTTCACGGGAAAGTGGACTTGAGGTAATCCGGGTTTCAGACATTTAATTGCGTTTCCCGTAATCCGGTTTCCTTGAAAATGAAAAGAGCGCGCAA,75.98
AAGAACTTCAGCGTACGAAAGGGCTAAGGTTCCGAACCCCGGGCGTCCATTACCCTGACTCTTTTAGTTCGGCGCACAGCTACTCTTTACTAACATAGGTGCAGGCCATTTGAGGGGAACGGGGACTCCAAGTAAAGCGGGTTTCAGCCTTTTCTTTGCCTCTCCAGAATTTCGGCTCCCGTGTCGCGTACACCAGCGCGCAA,87.25
AACAAAGTAGCCCAACGGCAGGGTTCATCCGCCACACCAGGGATATCCGTTAACCCTATACTTAACATTTTTTCGAAGGCGCCCTCCTCACTAAAAATGATCGGATCCATCCACGCCTCACTGAGACGCCCCCCCGACCGCGTTCCTCCCTGTTATATGAATGTTACGAATCGCGGTACCCGTTTCGCGTAAAGCATCGCGCAA,58.82
AAAAACGTACGTATTCCGAAAGGGCTAAGGTTCTGAACCCCGGGCGCCCATTCCCCTTTTACATTTTAGTTCCGCGCTCTGCTACTATTGATAGAAATAGGTGCTGGCCGTTCGAGCGGAACGGTAAGTCCATGTAAACCGGGTTTCAGCCTTTTATCCGCCTTTCCCGAATTCCAGTTCCCTTTTCGAGTAAAGTAGAGCGAGA,89.71
AAGAAAATAGGCGTACGAAAGGGCTAAGGTTCTGAACCCCGGGCGTCCATTACCGTTCTACATTTTAGTTCCTCGCACCGCTACTATTGACAATAATAGGTGCTGGCCATTCGAGGGGAACGGGGACTCCAAGTAAACCGGGTTTCAGCCTTTTCTCTGCATTTCCCGAATTCCGGTTCCTTAGTCGAGTAAAGCAACGCGCTA,94.61
AAAAGAATAGGCGTACGAAAAGGCTAAGATTCTCAAACCCGGGCGACCATTACCATTTTACATTTTAGTTCCACGCGCCGCGACTAATGACCAAAATAGGCGATGGCCATTCGAGGGGAAGGGGGTATCCAAGCGTACCGGGGTTCAGGCTTTTATCTGCCTTTGCCTAATTAAGGTTCCGATGTCCAGTTAAGCGGGGCGCAT,83.82
AAAAAAATAGGCGTAAGAAAGGGCTAAGATTCTGAACCCCGTGCGTCCATTACCCTTTTACATTTTAGTTCAGCGCTCGGCTACTATTGACAAAAATAGGTGCTGGCCATTCGAGGGGGACGGGGCCTCCAAGTAATCCGGGTTTCAGCCTTTTATCTACCCTTCCCGAATTCCGGTTCCCTTGTCGAGAGAAGCAGCGCGCAA,93.63
GACAAAATACGCGAACGACTGGTCGATCGTGATATACCCCGGGCGTCCTCTACCGCTGTACGGTCTTCTGCCTGACTCCCTTAGTGTCTGCATCATTCGGTTTGAGCGAACCGAGGTGAGTCTTACGTCCAAGTGGAGAGGGTTCCAGCCCTTTAGCCACCCTTCCCGGAGTGCCCTACCCTTTTTGAAGACTCCGGGGCACAA,60.29
GAAACAGTGGGCGAGGGCAAAGGAGGAGGTACAGGGACCTGGACGACCGCTAACCCATTGGCTTAAAATTATGCGCCACGCTACCTTTGACAAAAATACGTGGAGTAGATTTGAAGTGAAACTCGGCTGCATGTAGATCCGATTCATGCCCCCTAACAGCTGGTCACGTATTCCAAGACCGCCCTCTACTAAGGATGCATGCAA,58.33
AAAAAGATACGCGTAGCAATGGGGCAGGCTTTTGAACCGCGGGCGTCCCGTACCCGTTTACCTTTTAGATGGGCTCATCGCTGCTAGTGACACTTATAGGTGCTGGCCATTCGAGGGTAACGAGGATTCAAACAAAAACGGGGTACCCCCTTCTGTTTGTCTTCCCGGAATTGTCGTTCCCCATACGAGTAAAGCAGCGTGCAG,75
TAAAAGATAGGCGTAGGGAAGGCGTTGGGTTCTGATCCCCATGCGTCCCTTATGCTTTTGGATTTTAGTTCAGCTCCCCGATCATATTGGCAATAAGAGGTTCTGGCCAGTAGAGGGTAATAGAGACACCACTTAAACCCGGTTTCTGCCTTTGATCTGAGTTTCCCGCGTAGGCATTTCCTTGTCTGGTACCGCAGCGAGCAA,76.47
GCTAACATAGGCTTCCGGAATTGCGAATGTGCGGAACCCCAAGAATCCATTACTCTTTTCGTGGTTGCTTCAGCGTACCGCGACCATAGAGAAGAATATGCGCTAACGAGTGCAGGAGTATTGAGATTCCAAGTGAACCAGGATTCAGCGTTATATCTGACTGTCATGGACTCTACTTGCGGCGTCCAAGATAGTAGGGCGCTA,65.2
AGAAATAAAGGGGTGCCATAGGGCTAAGTAGTTGCCCCTTGGGCGTACACTACGATTGTAGAATTGAGTCCCGCGCGCTGACACAATTATCCTAAATAGGTTCTCGGCATGGGAGCGAAACGGGCACTCGACGGAAACCGGCTTTCAGCCTTTTATCTGCCCTCCTCAAATTCCGTCTCCTGTATCGTATAAAGCAGTGCTCAA,71.57
AAAGAAATAGGCGTACGAAAGGACTAAAATTCTGAACCCCGGGCGTCCATTGTCGTTCTCCTTTTCACTTTAGAGCACCGCCACCATCTACAAAAATGGGTGCTGGTCCAACGAGGGGATCGCGGAATACAACAATACCGGGATTCTGCATTTACCCTGCCTTTCCCGAGTTCCGGTTCCCGTATCAATTAAAGCCGCGCGCAA,78.92
TGAGGGATCAGCGTTCGAAGGAGCTAGTTCTACGCGACCCGGGCGCCAATAACCCTTTTACATGTCAGTGACGGTCCCCCGTACTGTTGATAAAAGAAGTGCCGGCCAAAAAGTTGCAAACTGGGGCCCTAACAGCATCCGCTTGCTGCATGTAATTTTGGTCCTCTGCATTACGGTTTCCTAGACCTTCTACCCACGGGGGAA,56.86
GCCATCATAGGCATATAGTGGAGTTAAGGTTCTCGACAGCGGGCGACCGCTGCTCTTAGCCATATATGTCCGGCGCACCGCGACCACTGAAATCAAGAGTTGCTTCGCTGTTGGCGATGTCGTCGATTACCGGTAAATAGCGTTTAAGTATTGTATCTTCCCACCCAGTATGCAGTTCCTGCCGTCTGTAAGTAGTTATAGGAG,54.9
AAAAAAATAGGAGTTCGAAAGGGCGATCGTGATGAACGTCTGGCGTCCACTCCGCTCTTACATTTTCGTGTAGCGCACCGCTTCTATCGACAAAAATCGCTGCTGGCGATTCGGGGGTAACGTGGACTCCAAGTAAACCGGGTTTAAGCGATTTATCTGCCTATACCCGGTTCCGGTTCCCTTCACGAGTGGAGCAGCGCGCAC,83.33
ACATATTTACGCCAACGAAAATGCTAGTGTTAGGAAGCCAGGACGTCCATTTCCCTTTTACATAATGGTGGTGCTAACCCCTATTATTGCCAAAAATTGGTGCGGGCAATTAAAGGGGTACGCGGAATCCATGTAAACCGGGTTTCACCCGTTCAACTGCCTATAACGATTTTCTCTTTCCTTGTCGTGTAACGCAACGCGCAA,74.51
GAAAAAATAGGCTTCCGGACGGACCCAGATTCGTAAGCACGGATGTCAAATACCCTTATATAGTTCAGTTCGTTGTAGCGCTACTCTGGACAACAACTGGTGTTGGCCCTTCGAGCGGAATGGGCGCTCCACGTAACCTGGGTGTTTTCCTAGTCTTTGCCTTTCCCGATTTCCTGTTCCCTCTTCGAGTGACCCACCGTGAAA,71.57
AAAAACGGAGGCGAACGAGAGGGCCTCGGTTCCGAACCCGGGGCGTCCATTACCCTTTTACGGTCAAGCTCCGGTAACCGCTGGTTTTAGCAAAAAAATATGCTGGCCATTCCAGGGTAACCGAGACACCCAGAAATGCGCGTTCCTGCCCTTTACCTGCCCTTCCCGAATTCCAACTCCTTTGTAGAGTAAAACAGCGCGAAG,75.98
AGCAAGATAGGCCCGCGAGTGCGCTTAGGGGCCGATACCCGGGGGTCCGTTGCACTGACTCATTTAGTTTCGCTTAGCCACAACATTGCGTAATATAGGTGCCCGAATTGCGGCTTGAACAGGGACACCAAGAAAGTCGGCATCGTGCCTTTTATATGCCTTTCGCCTACCGCGGTCACCTAGTCCATTAGGGCACCGTGCGA,63.73
AGCATAATAGGCGTACGAAAGGGCGAAGGTTCTGAACCCCGGGCGTCCATCACCCTTTTACATTTTAGTTCTGCGCTCAGCTACTTTTGACAAAAAGAGGGGCTGGCCATTCGAGGGGAACGGGGACTCCAGGAAGATCGGGTTCGACCCTTTTACCTGCCTTTCCCGAGTTCCGGTTCCCTTGTCGAGTAAAGCAGCGGTCCA,88.73
AAAAAAATAGGCGGACGATCGGGCTAAGGATCTGAAAACTCGTCGTCCAGTACCCTTTTTCAGTTTAGTACAGCACACGTCTACTATTGGCATAAATATGTACTGGCCATTCGAGCGGAACGGGGACTCCTAGTAAAACGGGATTTAGCCTTTAATCTGCTATTCCCCATTTCCGTTCCCCTTGTCGAGTAGAGCAGGGCGCAA,82.84
AAAACAATAGGCGTACGAAAGGGCTAAGGATCTGAACCCCGGGCGTCCATTGCCCTTTTACATTTTAGTGGTAACTGCCGCTACTATTGACAAACATAGGGGCTGGCCCTTCGAGGGGAACGGGGACTCCAAGTAAACCGGGTTTCAGCTGTTTGGCTGCCTTTCCCGAATTCCGGTTCCCTTGTCGATTAAAGCAGCGCGCAA,94.61
AAAAAAATAGGCAGACGAAGGGGCTAAGGTTCTGAACCCACGGCGTACATTACCCTTTTCCATTTTAGTTCCGCGCACCGCGACTATTGACAAAAATAGGTGCTGGCCAATCGAGGGGAACGGGGACTCCAAGTAAACCCGGTTTCATCCTTTTATCAGCCTTTCCTGTATTCCGGGTCCCTTGTCGAGTAAAGCATCGCGCAA,92.16
TTCAAAATATGAGGAGGAACGGCCACAGATGGTTCGAACAACGCGTCGGTTACGCTCCTAACCCTGACCAGCCCTCGCAGCTAGTGCAGTCCAGAACCGCCACTAACCGCTACAGCGCATCGTGGTGGACCAAGCATCACGGTGGTAGCCTTTAAGATACCCGACCAAGATCCGGCTTCCTTTGTTGCGACGATTATCGCGCTC,50.98
AAGAATGTAGCCGTCCTAACTAGCTCAGGCTGTGAACTGCGGTCGACGGTCACCCCTTTACTTTATACGTCCGGTGACCGCTTCTATCGACTAACGTAGATTCTTGCCTTTAACTGGCAATGGGGATTCCAAGTATAACGGGTCGCAGCAGCAGCTTCCTTTCCGTAATGCCTGTCCCTCTGGCGACTCAAGCAGCGGACTCAT,69.12
AAAAAAATAGGCGTACGAGAGTGCTAAGGTTATGAAATCTGGGCGTTCATTACTCTTTTAAATTTTAGTCACGCGCACCGCTACTAGTGACAAAAATAGTTGCTAGCCTTTCAATAGGTGCGGGGACTCCGAGTAAGCCGGGTTTCAGCCTTTTATCTTCCTTTCCCGAATGCCGCTATCATCGCCGAGTAAAGCAGCGAGCAA,84.8
AAAAAAATCGGCGTACGAAAGGGCTAAGGTTCTGAACCCCGGGCGCCCAGTACCCTTTTACATTTTAGTTCCGCCCACCGCTACTATTGACAAAAATACGGGCTCGCCATTCAAGGGGAATGTGGACTCCAAGTAAACCGGGTTTCAGCCTTTTATCTGCCTTTCCCGAATTGCGCTTCCCTTGTCGAGTAAAGCAGCGCGCAA,94.12
AAAAAAATAGGCGTACGGAAGGGCTAAGGTTCTGAACGCCGGGCGTCCATTACCCTGTTACAATTTAGTTCCGCGCACCGCTACTATTGACAAAAATAGGTACCGGCCCTTCGAGGGGAACGGGGACTCCAAGTAAACCGGGTTTCAGCCTTTTATCTGCCTTTCCCGAATTGCGGTTTCCTTGTCGAGTCAAGCAGCGCGCAA,95.1
GACCTAATCAGCCTGCGCAATGGGTAACGTTGCGATACCCGGGCTTCCATTTCTCAGTTACTATTTTGTGCCGCACACCACTATTATGGTCAAAGATAGGAGCTGCCCACCCGAGTGGAATGGTGACTCCGAGTAAACAGGGATTCAGACTTTTAGTTGCCTTTATCGTATTTTCGGTCCCTTGGCGAGCCAAGCAAGGATAAC,70.59
ATAGTAATAGGTTTACGAACGGGCTAAGACACTGACAACCGGGCGTCCATTACTCTAGTACATTTGAGTTACGCGCCCCGCTACTATTGTCAAATATAGGTGTTGGCCATTCGAGAGGAACGGTATCACAAAGAAAACAGGTCTACCGTCAGTTATGTGGCCTTCCCGGACTACGGATCCCTCCTCGAGTAGACTGACGCGCAA,75.49
AAAAAAATAAGCGTACGTCTGGGCTAAGGTTCTGAATCCCGGGCTTCCATTACCCTTTTACACTTTAGTTCCGCGCACCGCCACTATTGACATAATTCGGTGATGGTCGTACGAGGGGAACGGGGACTCCAAGTGCACCGGGTGTCAGTTTTTTATCCGCCCTTCCCGATTTACGGGTCCATTGTCGAATAAAGCCGCGCGAAA,85.78
AAAAAAATAGGAGTATCTAACGGCTAAGGTTCGGATCCCAGGGCGTGTGTTACCCGGATACAGATTAGATCCGCGCTCCCGTACCGTGGCTAGGCCTATTCGTTAACGAGTCGTTAAAAGGGCCCTGCTAATGCCAATTGGCGCTAAGCTTGGACCCATTGGGCCCCAGGTGCCAATTGCGCATGAATTCCCGTTTGGGAAATG,82
AAAAAAATAGGAGTATCTAACGGCTAAGGTTCGGATCCCAGGGCGTGTGTTACCCGGATACAGATTAGATCCGCGCTCCCGTACTATTGACATAAACAGATCGGATCCTGTCCAGGGGAACGGGGAATCCAAGTAAACCTGGGTTTTAACTATGAGCCCCCATTCCTGTATCCCAGTACCCTTGTAGAGTAAGGCAGCTATCAA,75
AACTATACGAGCGTCCCAACCGAGAACGATTTTTAACCAATCTAGAGCATTGCCGTTATCCACATTTGCTATCATCAACATTTTCATACTCCGAGTAAGCCTCTCGCAATTCCAGTGGAAAAGGGTACCAGGGTAAGCCAGCCATCAGCGTTAGTCCTTCACTGCAATCTTCTCGCTTCTCTAGTCGAGTTGGGAAGAGCGTAA,52.45
GAACACGTACGTGATCTGAAGCACTAAGCATCCTTAGCCCGGAGATTGACTAAGCTCTAGCCCATTTGTGTTTCAAAGCTCAACGATACACAGAAGTCGAGGTTGGGAGATCTAGGTGAATTTAAGCTCTGAACTACAGGGGTATCCGGTTCTCATGTGTCTGGCCCTGACAGGGGCCTCCTAAGCAACTGACGCAACAGGCAA,51.47
AAACCCATAGAAGGATTTCGGAGCTAGGGTTACTAACTTCGCGCTTTCATTACTCCTCTACATTTAAGTTGCGCGGTCCACGACTACGGAGAAGGAGAGGTGATGTGCGTTCGCGGGGAGCACGGAGGTCCCCTAAACCGGGATTTAGCCTTTGATCTGTCTTTGCCCATACGAGGTTCGCAGGCCGTTTTCGGCTACTCTCAA,63.73
AAAAAAATAGGCGTACGAAAGGGCTAAGCTTCTGAACACCGGGCGTCCAGACTTGCAGTACATTTTAGATCCGCGGACCGCCACTATTGAGAAAGATAGGTGCTGGCCATTCGAGGCGAACGGGGACTCCAAGTAAATCGGGTTTCAGCCTTTTATCTGCCTTTCTCGCATTCCGGTTCCCTTGTCGACTACAGCAGCGCGCAA,93.14
AAAAAAATAGGCGTACGAAAGAGCTAACGTTCTTAACCCCGGCGGTCCATGACTCATTTACATTTTAGTTCCGTGCGCCGCGACTTTTTACCAAATTAGGAGCTGGGCATTCGAGCGGATCGGGGACTCCAGGTAAGCCGGTTTGCAGCCTTGTAGCTGCCTTTCCCTAATTCCGGTTCATTTGTCGAGTAAAGCAGCGCGGAA,85.78
AGATAAATAGACGTATCAAAGAGGAACTGGTCCAAACCCGGGCCGTCCAGAACAGTTGAATGTTTTCGTTGCGAACGACCCACCTATCGACTGCAAGAAGTTCGGGCCCTTCGAGAGGAACGGGTACTCAATGTAAAACACGTTACAACCTATTACCTGCCGTTCCGCACTTACGGCTCCTTTTACGAGTCAAACCTCGCGGTA,67.16
AAGAAAGCAGGCGTTCCCCAGGGCCAAGGTTCTGCGCCTCGGGGGGCCGCTACCCATTTACGCTTTAGTGGTAACTGCTGCTCATTATAAATAACCCGTTAGGTGGGCATTAGAGGGCGACAACGTTTCCAAATGCAACGTGTTTCAAGCCTTCATCTGGCCTTCACATAGTGGGGTTCCCCTGTCTAGTAAAGCTGCAAGAAA,66.67
ATAAGAATATGTGGGCGATAGGGGTATGGCTCTAAACGCCAGGCGTCCATAACCCTGTTAGATTTTAGTTCCGCGGTCCGCCACTACGGACTACAACAGTTGGTGGCCATTCGCGGCGAACTTGGACTGCTAGTGAAGCTAGTATCCGCCTTTCATCTACTATTCCCGAACTCTCGGTCCCTTGTCGAGCAAGGCAGCGGGCAC,75.49
AGCTTCAGTTGGGTAAGATAGGCCTCTGATCGAGAACACTTGTTGACAATTTTCTTTGGTTACTAATGTTCCAGGAATCGATACTCTTGATATAAAAAGGAGCTGGCGATGTATCGAAAAGCGAGACGCCCAGGCCACAGTGTTTCAGCCATTGAACGGCCCTTCACAAATTCCGGTCACCTTGTGGATCAAACGAACGTGACG,59.31
GAAAAAATAGGAGCACGACAGCGTTAGAGTCGTGCATCCCGGCGATCAATTACCCTTGGACATTTTAGTTCCGCAGACAGCTATTGTTATCGAGGATAGCGCCTGCCAAATCGAGAGGAACGGGGATTCCAATTAAACTGAGTTTCTGCCTTTTATCTGCCCATGCCGAATGCCCGTTCCCCGTTTGAGTCAGTCAGCGCATAA,73.53
GACAAGCTATGCCTAAGAAAGGGCTAAGGCCCTTAACCTCGGTCGTCCATTACGCTTTTATTTCATACCTAGAAATATCGGTACAATGGCCAAAGATCGCCGCTGGGCAGTCGTCCGGACCGAGGACTCTTCAGAAATGGGGTTTCAGCCGTCTATTAGCCTTGCCCTAATTCCGTTTCCTTAGACGACTATGGCAGCGCGCAA,70.1
AAAAGATTGGGCGAAGTATAGAGCGACGACTCGGAACCGTGAATTTCAATTACCCATTTATCTTTTAGGTGGTGGAACTAATTCCGTGGCTAAAATTAGGTGCATCCAATTGGAGGAGCGCGGGGTCTTCAAGGGAATCGATTTTGAGCATTTTATCGCCCTTGCCTGTATGTGGTTGACCTGGTCGATTGGAACAGCGCGCGA,65.2
AAAAAAATAGGCGCACGAAAGGGCTAAGGTTATGAACCCCGGGGGTCCATTACGCTTTTACATTTTAGATTCGCGCACCGCTACTATTGACAACAATAGGTGTTGGCCATTCGAGGGGAACGGGGACTCCAAGTAAACCGGGGTTCAGCCTTTTATCTGCCTGTACCGCAGTCCGGTTCCCCTGTCGAGTTAAGCAGCGCGCAA,92.65
AAAAAACTAGGCGTACGAAAAGGATAAGGTTCTGAAACCCGGGCGTCCATTAGCCTTTTACATTTTAGTTCCAGGCACCGCTACTATTGACAAAAATAGGTGCTGGCCATTCGAGGGGAAGGGGGACTCCAAGTAAACCGGGGTTCAGCATTTTATCTGCCTTTCCCGAATTCCGGTTCCCTTGTCGAGTAAAGCTGCGCGGAA,94.12
AAAAAATTAGGGCTACGATAGCATGAACGTTATGTAACGCAGCCGTCCAGCACCGTTAAATAACCCAGTTCCACGCACTGCCACTCCCCACGCCACCAGGTGCTGTCCATTTGATCTGTACCGGGACTCCAAGTAAACACCGTTGTAGCGTCTTAAAGGGCTGTCGCGAATGCCAGTGAGCCTTCCGAGGGAACCAGGTCGCAA,65.69
AAAAAAATAGGCGTACGAAAGGGCTAAGTTTCTCAACCCCTGGCGTCCGTTACCCTGACTCTTGTAGTTCCGCGCACCGCAACTACTGACAAATATAGGGGCTGGCCATTCGAGGGGAACGGGCACTCTAAGTAAACCGGGTTCCAGTCTTTTATCTGCCTTTCACGAATTCCGGTTCTCTTGTCGAGTAAAGCAGCGCATAA,91.67
AAAAAAGTTGGTCGACGAAAGGGCTCACGCACTGAATCCCGGGTTTCCCTGACCTTCTTAACGTTCCGTTCCCCGCATCGATACTATGGAGATAAATAGTTACGGGCCCTGCGAGGGTAACGCGGACTCCAAGTAAACGGGGTCACAGCCTTTTATCGACATATCCCGGCGTGCGGTTACCTTGTCGGTTACAGCCGCGTTGAA,74.02
CGCTCATTTTGAGGACGTCGTGCCTAAGGTGCTCACCCCTGTCCGTCCAACACTATGAATCAGTTTCGTTTAGCAGACGCCTATTTCTTTCCCAATGTCTTAATGGGGTTCAGAGGGCAACCTGGACGCACTCGACACCGGGCTTACGACCTTCATCTGTATTGACTGAACCCCGCTGTCCTTGTGCGCAAACGCAGTGTGCAC,55.39
GAATATCTAGACATAGGATAGGTGGATCGTGACGAACTATAGCCATCCATAAATCTTTTTCAACTTAGTTACGCTCCCCGTTAGGGCTCGCAAAAATACTTGCGGCCCATTCGAAGCAGATTGGGTCTTAAAGGAAGCGGGGTTTTATGCTGTTATCTGATGCCGTATAATGCCGCATCGCATGTATCCTATAGCAACCCGCCG,65.2
CACAAAATAGTCGTAACAAGGGGATAACGTTCTTAACCCCGGGCGTCCATGACCCTTTTACTTAGTTGTTCCGGGAACCGCTACGATTGACTAAAATAAATGCTGATCTCTCGAAGTGTACGGTGACTCCCAGTAAACGTGGTTTCGGCCTGTTACCTCGTAGGCATGAATTAGGGTTCTTTATTCGAGTAAAGTTAGGCGCAC,75.49
AAAAAACTGGAGGTACTAAAGGGCAAAGGGTCTGAACCCCTCGCACCGATTGCCCCTTCTCATGGTAGTTCCGCGCACCACTGCTATTTACACACGTAGTTGCTGGCCATTCGATGTGAACTGAGAATCTAAGTAATCCGGGTTTAAGCCTTTTAGCTACCTTCACCGAATACCGGTACCATTGTCGAGTAGAGTAGCGCGCAA,79.41
GAAAAGATAGGCGTGCGAAAGGCCTCAGGTTCAGAACCCCGGGCGTCGATTACCCTTTTTCACTTTAGTTCCGCGCACCGCGACTATTGACAAAGATAGGTGCTGGCCATTCGAGGGGAACGGCGCTTGGGATACCGCCGGGTGCCAGCCTTTTCCCTAACTTGCCCGAATTCCGTTTCTTACGGCAAGTAAAGCAACACGAAA,85.29
AAACAAATAGGCGTACGAAAAGGCTAAGGTTCTGAACGCCGGGCGTCCATTACCCTTTTATATTTTAGTTCCGCGCAGCGCTACTATTGACAAAAATAGGTGCTGGCCATTCGAGGGGAACGGGGACTCCACGTAAACCGGGTTTCAGCCTTGTATCCGCCTTTCCCGAATTTCGATTTTACGGCAGAGTAAAGCAGCGCGCAA,95.1
GACAGGCTGTGCGTAAAAAAATCCTTAGGTTGTGATTCACGGGCATTCATTTCCTTTATTCATTAGACTTTCGCTCACCCGGAATATCGTCTAACATACTTACTGGATACTGCTGGGGAATGTGGAGTGCAAGCAGATGCGGGTGCCGCTTGATAGGGGCCACCCAAGCAACCTAGATACTTAGTCGGTAAGGGCACAGCTTCA,57.35
AGTTAGATCGGCGCATGCACAAGCTGCGAGTTGAAACCACGGCGGTCTATTACACACGTTCAGTTGCCGTTCGCCAACCTATACTCTTGGCTGTATCATGTCATGACAACTTTAGAGTAACTACGATCACTTGGACAACCGCTGTCGTCCTTTTAATATCCTAAGGGAATATACAGTTCCCTAAACTAGCAACGCTTGGCGGTA,53.43
AGAACAGTACGCATGCCAAAGACGTAAAGTTCTGGACACAGGGCAGCTATTTACCTGTTCCAGGTTACTTCCGACATCGGATTCGACGGCCAGTAACAGATGCATTTTATGCGCGGAGTACTGGGGCTCAAGGAAGAGCGGGTCTCACCATTGCAACTGCTTTCCACGAGCTTGGGTTCCTCCGATGACTCTAGGAACGGGCAT,60.78
AAAAATCGGGGCATACGAACGGGATGAGATTATGTACCCGTGCCATACATGACCCTTTTACAATCTGGTTCCGCGCGCCAAATCGATTGACTACACTAGTTAATGGCCAATCGCGGGGCATGCGGCTACCCAGTAAACACGAGTTCGCCCTTTCATCTGCGTTACCGGATCGCCGGTTCAATTATTGAGTAAAGTAGCGAGGAA,70.1
AAAAAAATATGCGTACGAGTGGGATAGCATGGTGAACCCCGGGCAGCCATTACCCTTTTAGATTTTAGTACCCCGCAACGCTTCTAATGACAAAAATCCGTGGTGCCCATTCGAGGGGAATGGAGACTCCAAGGGAACCGGGTTTCAGCCTTTTGTCTGCCTGTGACGAATATGGGTTCCGTTGTCGAGTCAATCATCTCCAAG,80.39
AACAAAATAGGCGTACGAAAGGGCTACAGTACTGAACCTCGGGTGTCCATTACCCTTTTTCATATTCGGTCCGCGAACCGCCACTATTGCCAAAAATAGGTGCTGGCCATTCGGGGGGAACGGGTACTCCAAGTAAACCAGGGTTCAGCCTGTTATCTGCCTTTCCCGAATCGCTGTTCCCTTGTCCAGTGAAGCAGCGCGCTA,88.24
AAATATATAGCCTTACGCTAGCGCTAATGTTGTGAATCAGGGATGTCCATCACCTTTGTACATGTGACTTCCGCGCACCACTACTATCGACACCAATAGGTGCCCACAATTCGCGGGGTACGGGGGCTCCACGTAAAGTGGGTTTCGGCCTTTTTTTTTCCTTGTACGAATTCTGACCTTGTTGTCCCGTAAAGGAGCGGGTTA,73.53
AGAAAATTATGTGTAGGAAAGGGCAAAGGTTCTTGACACCGAGCGTCCATTGCCTTTTTGCATTTTCGTTCCGCGCACCGCTACTATTGACAATAATAGGTGATGGGGTTTCGAGGGGAACGGGAACTCCAAGCAAACCCGGTTTCAGCCTTTTATCTGCCTATCCCAAGTTCCGTCTCCTTTGTTGATCAAACCAGCGCGGAA,83.82
GAAATCATGGGCTACTGGAAGGACTACGATTCTGCACGCCGTTCCTCCACGTCCACGGTACTATTTCGTACCGATCACCACTAATATAAACAGGACTAGGTTGTGGCTATTCTAGGGCAACGGGTGCTACTCGCAAACTGGACCGAATCCTTGTGTATGCCTGTTCTGAACACCGCTTCCGCTGGAGTGTGAAAAAGCGCGCCA,64.22
AAGAATATGAGCGTTTGAAAAGGCTAAGGTTGTGCACCCGCGGTGACCATTACACTTTGACGTTTAAGTAACACACACCGCTACTACCGACTATGATATGTCATGCCTATTCGAGGGGAACGCGGACTTCAAGAGAGCAGGATTTCAGCCCTTTATCTGCACTGGACGGCTGGCGCACCCGGTGTCGATTAAAGCAGTGCCCAT,72.06
AAAAAAGTAGGCCTACGAAAAGGCTAAAAGTCTGAACCCTGGGTTTCGATTACCATAGACCATTTTGGCTCCGGGCACCGATCCGAATGCAACAAATACATAATGGCCGTTGGAGGGGAACGGGGACTCCAACTAATCCGGGTTTCAGCCCTTTATTTGCCTCTCCCGTTACCCGGTGCCATCGTCGAGTAAAGCGGGGCGCCA,77.45
TAAACATTAGACACCCGACAAGGTTTCAGTCCTTAATCCCGGGTATTGTGGACCCCATGTCATATGAGATTCGCGCGCGAATGCGAATGCAAAAATAGTGTATTCTCGATTCAGGGGTTCCCGGGACTCCAACGAAACCGGCTTGCAACCTTTCATCTACCTATCCGGCAGTTAGTATAACTTATCGAACAGAGCAGTGCGCAA,62.25
AAATAAATGGGCGTACGAATGGGCTAAGGTTCTGAACCCCGGGAGTCCATTAGCCTTTTACACAATAGTTCCGCGGACCGCTACTATCGACATAGCTAGGGGGTGGCCATTAAAGGGGAACGGGGACGCCACGTACAACCCGGTGCAGCATTTTCTGTGCCTTACCCGAAATCTGGTTCTCTTGTGCAGTAAAGCAGCGGGCAA,82.84
AAAAAAATAAGCGTAACAAACAGCTATGGTTTTGAATCCCTGGCCTTCATTACCCTTTTACATTTTCGATCCGCGCTCAGCAATTATTGACAAAAATACGTGCTTGCCATTCGATCGGAACGGCGACTCCAAGCAAACCGGGTTTAAGCCATTTATCTGACTTTCCCGAATTCGGTATACCATGTCTAGTAATGCAGCGCGCAA,83.82
AAAAAAATTGACGACCGAGAGGGGCATTTTTCAGAGCAGCAGGCCTCCATTACCCTTTTACGTCTATGTTCTGCGTACCACTACTCTGAACTCAACCAGGTTGTGACCTTTCGAGGGGAACGATGACTCTAATTAAACAGGCTTTCAAACTCTTACGTGCATTTCCCGAATAGCGGGTCTCTTGTCCACCACACCGGCTCTCTA,71.08
AAAAAGAAACTTCAACGACATGTCTGAGGTTCCGAACCCCGCGGGTCCATGACCCTCCTATATATTAGTGCGGTGCTCCGATACTACTAACGAAGATACGTGCTCGCCATGCGCTGGGAATGCGGACTGCCAGTAAACCGGCTGTCTGAGTTTAATCTGCCATTCCCGAATTGGGGTTCCCTCGATGACTTAAGCCGCGCGCGA,74.02
AGGAAAATAGCCGTAGATAAGGGCTACCCGTCTGAGGCCTGGGACTCCAATAAAGTCTCGCGCACTGGTTCGGGGCACCGGAACTCCTACCAGTTATATATGCTGGTGACTCGTGTGGATTCAAGACTCCAACGGAACGGGGTTTCATCCTTTGATCTACCTAGACCGAATCAGGCTTCCCCCTGCTATGAAGGTAGAGCGCAG,63.24
GAAAAAAGATACGTACGAAAGGGCTAAGTTTCTGAAACACAGGCGTCCTTTAACCTTTTACATTTTTGTTCAGAGCACCCCAACTATTGACAAAAAGAGGATCGGGCCATCCGCGGGGATTGGTAACCCCAAGTTAACGGGGTCACAGCGTTTTAACTGGGGTGCCCGATTCCCGGTTCACGTGTAGTTAAACGCAGCGCGCAA,77.94
ATAAAGATGGGTGTAAGCAAGGCCTAAGGCTCTGTACCCCGGACGCTCATAGACCATTTAAAATTTAGTTCGACCCACCGATACTCTAATCAAAAATAGGATCCAGCCGTTAGAAGGAAACCGGGTGTCCATGTGAACCGGGTTGCTGCATAATTTCTGCTTTTCCTTAATTACAGTACCCTAGTCTATTAACGCATGCCATTA,70.1
AGGTCGATCAACGGAGGATGTAGCCAAAGTTCTGAACTATCAATGTCGCGTATACTTTTAGTTCATAGTTCCTCGCGCCAATCTGAGTACCAATAATACGTGCAGGTCATCCACCGCGAAACGGGAGCCCATCTAAACAGCGTTTCAGCAACGTCTCTTGCCTATCAAATTAACCTTTTCCCGGAACATCATACCTGCGGTTTA,55.39
AAAAAAATAGGCGTACGAAAGGGCTAAGGTTCTGAACCCCCGGCGTCCATTACCCTTTTACATTTCAGCTCCGCGCACCGATACTTTTGACAAATCTAGGTGCTGGGCATTCGAGGGGAACGGGGACTCCAAGTAAACGGAGTTTCAGCCTTTTATCTGCCTTTCCCGAATTCCGGTCCCCTTGTCGAGTAAAGTAGAGCGCAA,93.63
TAGAAAATAGGCGTACGGAAGGCCTAAGGTTCTGGCCGCAGTGCTTCAATTTCCCTACTACATTTTAGTACCGCGCACACTTACTAGTCACAAACATAGGGGCTGGCCATTCGAACGGCACGGGGTCTCCAAGTAAAACGGGTTTCAGCCTTTCATCTGCTTTTCCCGAACGCCGGTTCGGTTGTGTTGTACGGCAGCGCGATC,79.9
AGACCAATGGCTGCTTGAATCGCCTAAGCGTCTAAACCCCGGTTGGCAAGTTCCCTTATACATTTTATTTCGGCGCAACGCGACTAGTGATACACATGAGCGCTGGCCATGCCAGGGCAACGAGCCCGCTAAATAAACATGGTTTCAGCCTTTTGTCTGCCTTGGCGGATTTTCGACGCCCTTGTCAGGTAAAGCAGGAGTCAA,71.08
AAAGAATGAGGAGTAAGAAAGGGCTAACGTTCTGGACCCCCGGGGTCCATTACCCATTTCCTTTATAGTACCGCGCACGGCTACTATTGACAAAAATAGGTGCTGGCCATTCGAGGGGAACGCGGACTCCAAGAAAAGCAGTGTTCAGCCTGTTATCTGTCTTTCCCCAATACCGGTTCCCTTGTCGTGTAAAGTAGCGCGCAA,86.76
CAAGAAATTAGTGTAACAAAGGGGCAAGGTTACGAATCTCGTGCGTCCATCTGCTTTCAGCATATCACTTCCGAGGGCCGCTACAATTTATCATAGTTGGTGATGGCGAGCCGAGGGGACCGCGGAATCCAACTAAACCAGGTTTCAGCGATTTATCTGAATTTCCCGTACCGTGGAAGCAGTGTCGACAAAAGAAACGCTCGA,69.12
GAAAACAAAGACCTACGAAAGGACTACGGTGCGGAACCCCAGGAGTCCATAACCAATTTGCATTCACCTTGCGCGCACCGCTGATATTCCCAAAAATGGGTGCAGGCCATTGGAGTGGAACGGGGACTTCACGTTAACAGGGATTCAGCCTTTTATCGGCCGTTCGGGAATTCCGGTTCCCTTGTGTTGTCACGTAGCGCTCAA,78.43
AAAAAAATAGGCGTACGAAAGAGATAAGGTTCTGAACCCCGGGTGTTCATTACCCTTTTACATTTTAGTTCCGCGCACCGCTACTATTGACAGAAAGAGGTGCTGGACATTCGAGGGGAACGGTGACCCGAAGTAAACCGGGTTTCAGCCTTTTATTTGCCTTTCCAGAATGCCGGTTCCCTTGTCGACTAAAGCAGCGGGCAA,92.65
AGAAAAAGGGGCGTACTAAAGGGCGAAGGTTCTGGACTCCGAGCGTCAATCTTCCTAGAACATATTAGTTCCTCGCACCCCAACTTTTGACGAAAATATGTGCTGGCTATTCGTTGCCATCGGGGACCCCAAGTAAACCGGGCTTCAGACTTATATCTGCCTTTCCTGAATTCCGATGCCCTTGTCGAGAATAGCAGCGCGCAA,81.86
AAACAAATATGCTTACGATATGGCTTAGGCTTACACCTCTGTGCGTCCATTACGCTTCTTCCCTGTAATCCCGCGCACGGCTTCTCTTGTCACAAATAGGTGCAGGTCATTTCACGGTAACGGGCAGTCCCACTAAACCGGTTTTCAGCCTGTTAACAGACTTTCCCGGGTTTAGGTTAGATTGGCTAGTAAATAAGCGTGGAA,73.04
AAAAATATAGGCCTACGGAAGTGCTAAGGTGCTGAACTGCGCGCGTCCATTACCCTTTTAGATTTTAGTTCCGCGCACCGCTACTATTGGCAAAAATAGGTGCTGCCCTTTGGAGGGGAACGGGGGCTCCACGTAAAACAGTTTTCAGCCTTTTATCTGCATTTCCCGATTTACGGTTCCCTTGTCGTGTAAAACAGCGAGCAA,88.24
CAAAGAACCGGGGTATGTATGCGCTACGGATTCGAACCCGGTGAGGGGATCAGCGTTTTACATTTTAGACCCGCGCCCCGCTACTATCGATTCAATTTGGTGCTGGCCAATCGAGGGGGATTGCGACTCCAAATTAACCTTGTTGCCGCCTGTTATCTGCGTTTCCCGAATTCCGTATCCATTGTTGAGTAACTGAGCGCGCAA,75
AAAAAAATACGCTTACGAAAGGGCTAAGGTGCTGAACCCCGGGCGTCCATTACCCTTTTACATTTTAGTTCTGCGGACCGCTACTATTCACAAACATAGTTGCTGGCCATTCGAGGGGAACGGGGAATCCAAGTAACCCGGGTTTCAGCCTTTTGTCTGCCTTTCCCGAATTCCGGTTCCCTCGTCGAGTGAAGCAGCGCGCAA,93.63
AGTAAAATTGGGGTAACAAAGGGATGCGGTTCTGAACCGAGGGCGTCCATTACCGATTAACATCTTAGTTCCGCGCACCGCTCCGAAAGCCAAGACTTGGTGCTGCCCATTCGAGGGCAACGCCGACTCCAAGTAAACCGTGATTCAACCGTTTAACTAGCATGCCTGATTTCCGGTTCCCTTATCGAGAGAAGGAGCGCAGAA,78.43
AAAAAAATAGGCATACGAAAGGGATCACGTTCCGAATGCCCGCCGTCCATTACCCTCTTAAATCTTAATTGCTTGCACAGCGGCCGTTCCCAGAAATAGGTACCGGCCATCCGTCGGCTCCGGGGGCTCCTAGATTTGCTGTTGTCAGCCTAATATCTGCCGTTCCCGAATTACGGTTCCCTTCTCAAGTAAAGCACCGTTCAC,74.51
AAGCCAAGACGGGCACCAAAGGGTTAAGGTACTCTATTCGGGGCCTCTATTACCCTTTAACAATTTGGGCACCCGGACCTCTATTATGGACACCAACGTATACTGTCAACTCGAAGGGAAGGACGACTCGAAGTTATACGAGTTTGTGTTTTTTATCTGACTTTCCTGATTTTCGGTTCCCTTGTCGGATAAAGCAGCACGCAG,71.08
AAAAAAATAGGAGAACGTAATGGCTACGGTTCCGACCCCCGGGGGTCCATTACACATTTACGATTTTTTACCACGCGGCGATACTATAGATCATAGTAGGTAGTAACCGTCCAAGGGGCACGACTACTCCAAGAACACCGCGCTAGAGCATTGTAGCTAATTTTCTGGATCTCTGTGTCCCTGGTAGATTGAACCGGGCATCAA,68.63
AAACAAATAGGCGCACGTAAGGGGTGGGGTGTTGAACCACGGGCGTCTATTACACTTTTACATTTTATGTTGGCGTAGGCCTACTAACGGCAAAAAAAGGTGCAGGCAATGCGAGGGGAACGGGGTGCCCACGTAAACCGGCTTCCAACCTTTTATCTGCCTTTCCGGCCTTCCAGATCCTTTAACGATTAAAGCAGCGAGAAG,77.94
AAAAAAATAGGCGGCCGAACGGGCTACGGTTCTGAACCCCGGGCGTCCATTACCCTTTTACATTTTAGTTCCGCGCATCGCTACTATTGACAAAATTAGGTGCTGGCCATTCGAGGGGAACGGGGACTCCAAGTAAACCGGGTGTCAGCCTTTTATCTGCGTCTCCCGGATTCCAGCTCCCTTGTCGAGTAAAGCAGCGCGCAA,94.12
AAAAAAATAGGCGTACGAAAGGGCTAAGGATCTGACCCCCCGCCGTCCCTTACCCTTTTACTTTTGAGTTCCAGGCACCGATACCATTGACGAAAATCGGTGCTGGCCATTCGAGGTGAGCGAGGAGTCCAAGGAAATCGGGTTTCATCCTTATATCTGCCTTTCCCGATTTCCGGTTACCTTGTTGACTAAAACAACGCGCAA,86.76
AATAGAACACGTGTCCGCAAGGGCCACGGTTCTGTAGCCCAGGCGTGCATTGCCGTTTTACATATTAATTCTGCGCATCGCTACAATTGACCGAAGTTGGTGATGGCCATTCGAGGGTACCGGAGTCTTCACGTATACCGGGTTTCAGCTTTGTATCTACCATTCTCTATTTGAGGTTCCCTTCTCGAGGAAACGAACGCGCAA,77.45
AAAGGAAGACACTTAACTAAGGGCTAATTTGGTGAACCTCCGGAGTCTTTTGCCGCTTATAAGTCTGGTGCCGGGCAGGGTTGCCAGGACCAGAACAGGAGACTGGCGAGTCGAGGGGCAAGAGGCCTGCATCCAAATCAGGTTAAACCCAATAGTCTCGGTCTAACGCGTTCCAGATCCCCTGCCTTATTAAGCATAGAGCGG,58.33
ACACACATAGGCGTCGGCCAGCGCCTAGGTTCGGCACCCCAGTCCCCAATTAATCTTTAAAATTGGCTTTATCGTCGGCGCACCAAGTGACAAAATTGGGAACGGGCCGTTCGAGGCGGACCGGGACTCCGAGGAACCCTTGTATCAGACGTACATCTGACTGTCCTTCATTACGCCTTCCTTGTGGCTGAAAATTGCGCGCAA,65.2
GACCAAGTAGGCGTACGAAGGAGCCAAGGTTCAAAAGCCCGGGCGGCCGATCAGCTTTTACATGTTAGTTGCACGCACAGCTACAAATGATAAATTTAGGTGTGGGCCATTCGATGGGAAGGGGGGCGCCAAGTAACCACGGTTCACGCCTTCTACCTGCCTTTCCCGAAGCCCGGTGTCCTTGTCGAGTTGAGCACTGCACAA,76.47
ACTTCAAACGGCGGGCCGGCAGACTACGTCTAACATCCCAGGGCTGCGACTGCAGAATCGTTTTTATGTTCGGAGCTCGAATACGCATGACTGTAAGAGGTGCACCCCCTTCAGGGAGACCGTGTACCCCAAATAAGTCCGGCGGGATCTTTCTATTTACATTTCCCGCGCACTGGTTATGCTACCGATCTAGGTAGGTCGGCA,53.43
ATAACTCGACGCGAAACATAACGCGTACCTCGCAAACACCCTGCGTCCATTACGCTTATATCTTTCAGTACCCCGCATAACCGATATTGACAAAGATACGTAATGGACACTAGAGGGGCACGGCAACTCCCCTAGAACCCGGCAACAAACTTGGAGCTGCCGTACCCGATATGCGGTGTACCTGACGACTAAAGAAGCCCGGAA,63.73
AAAAAACTGAGCGTACGCTATGGTTGAGGTCCTGAACCCAGGACGTACATGACTCTTATGTATTATCGGTCGGCTCACGGCTCCTGTTCACATAAATCAGCTCCAGCGATTCACGGAGATCACCGGCTCCCAATAAACCGGGTTTCGACCTTTTAGCTGCCTTCCCCGACTTTGGGTGCTATGGTCGAGTAAAGCAGGCAGCTA,71.08
GACGGTAAAGGCGTATTAAGGATCCCTTGTTCCTAAATTCGGGGGAGGACTACACTTTTACAGGCAACTTACGGGCTCAGCTACTTTCGAAAAAGATAGATGCTGATTAGACCAGGGTCAAGTCGCATCCAAGCCACCAGGGCCTCACATCTTTGTTCGCTGTTCGCGGCGTATGTTTCCTTTGCCGAAGCGAGCTACGCCCTC,57.84
AAAAAAATAGCCGTACGAAAGGGCTAAGGTTCTGAAAACCGGGCGTCCATTACCCCCTTACATTTTGGTTCCGCGGACCGATACTGTTGACAAAAATAGGTGCTGGCCATTCGAGGGGAACGGGGACTCCAAGGAAGCCGGGTTTCAGCCCTTTGTCTGCCTTTCCCGAATTCCGGTTCCCTTGTAGAGTAAAGCAGCCTACAA,91.67
AAACAAGTATGGGCAAGAAAGGGCTAAGCGTTTGAACCCCGGGCGTCGATTACACTCTTACACGTTAGTTCCGCGCGGCGTTACCGTTGAGTATATTAGGTGCACGCCATTCGCGCGGAACCAGGTTTCCAAATTAACCGGGGTTCGCGCTTTTACACGTGTTTACCGAATTCCGGTTCCCTCGTCTAGGAAGGGAGCAGACCG,74.02
ATAACAATTAGCACTCGATATGGATAAGCCTTTGACCGCCGGGGACCCCTAAACCGTTTACCTTTTACTTTAGCGGACAGCCACTATTGGCCAAAAAAGGGGCAGGGCATCCGAGAGTAACTGAGAGTCAACGCAAACAGGCTTTCATCCATTTATTCGCCGGTCCCGTAATACAGCTCCCGTGACAAGGATAGCCCCGCTCAA,68.14
AAACAAGTAGGCGTCCGCAAGGGCTAAGGTTCTCAATCCCGGGCGACGATTTCCCTTAGACATTTTGGTACCGCGCACCGCCACTATTGGCAAAGTTAGCTGCCCGCCATTCGACGGGAACGCCAACTCCCTGGAAACCGGGTTTCAGCCTATTATATGCCCTTCACGAATACCGGTTGCCTTGTCGAGTAAAGCAGCTCGCCA,82.84
ACAAAGATAGGCGTACTAGAGAGCTAAGGTTCTGAAGCCAGGGCCTCCATTACCCATTTTCATGCTAGTTCCTCTAACGCACCGGACCGACGAAAATAGGTCCTGGAGATTTGAGATGCACTTTGATTCCAAGTAAAACCTGTTTCAGCCGTTTCACTGCTTATCGCGTGTTCTATCTCCCTGGCCGAGTCAAGGAGCGCGCAA,73.04
AAAAATAGATCGATCAGAAAAAGCTATGCTTGCAAACCCCGGGCGGCCCTTACTCTTTTAAAATTAAGTGTTGCGAATCGCTACTAATGACGAGAAAGGGTGCTGGCCAGTCGGCGGGGCTCGAGCCTCCACTGAAACCGGCTTTGACAATTTTACTTGCTTGTTCGGAGATCCGATACCATGGTGGTGTCACGCAGCACGTAC,67.16
AAACATTTTGTCGTACGAAAGAGCTAAATTTCTGAACTCCGGGCTTGCATGACCGTTTTACAGCACACTGACGCTCAGTTCTTCTATTGGCAGCAATAGGTGCTGTCCATTCGAGGGGAATGGGGACTCCAAGTAAACTGGGTTTCAGCCTCTTATCTGCTTTTCCCGAATTCCGGTTCCCTTGTCGAGTCAAGAAGTGACCAC,80.88
AGATAGTCAGGGGTACGACAGGCCTACGATTTTGCACCGCGCCGGCCGACTGCAGTGTGAGATTGTAGTTCCTCCCGCATCGACTATTGACACAAATATTTGCTGACCAATCGAGGGGTTCGGAGAATCCAAGATAAACGATTTTCATCCATCCTTCTGCCCTTCCTGAGTTCAGGGTCCCATGATGATTCAAATCCGGCTCAC,66.67
TATCGAAAAGGTGTTCGTATGCCCTGAGGTCGTGTACCTTAAGCCTGAATTTCTAAGTTCCATTGTCCTTTCTAGTGCTGCTTCTCTTTACAGACAAATCAGGAGCCGCGTGGACGGGAGTCCGACCGGTAAGGCTACTTCATTACTCCAGTATATAGCTCGGGTTTGACATATAGTTCTCTTGTTGAGGGAAGCTGTGTTCAA,51.47
AAAAATCTAGGTCTGCGAAAAGTTTGCTGTTATCATCCCCGGCAGGCTAATCCCCTTATATTCAATAGCTTCAGGCAGCGATACTTTTGACGAAACTCGGTGATGGCCATTAGAGGGGAGCGTGGACTCGAAGTGAGCCTGGTTTCAGCCTATTATGTGCCATTCCCTAAATCCGGTTCCACTTTCGACTAAAGCAGCGCGCAC,73.53
AAAAAAATAGGCGTAAGAAAGGGCTAAGTTTCTGAACCGCGAGCGTCCATTGCCCTTTTACATTTTAGTTCCGCGAACCGCTACTATCGAAAAAAATAGGTGCTGGCCATTCGAGGGGAACGGGGACTCAAAGGAAACCGGGTTTCAGCCTTTCATCTGCCATTCCCGAATTCCGGTTCCCTTGGCGAGTAGAGCAGCGCGCAA,93.14
AAAAAAATATGCGTACGAAAGGGCTAGGGGTTCGGACGCCGGGCGTCCAATACCCTTATAAATTTTAGTTTCGCGTACGACTACTATTGACAAACATAGGGGCTGGCCATAAGTAGTCAGGGGATACTCGAAGTAAACCGGGTTACAGCCTTTCTTCTGCCTTTCGGGTGTTCCGTTTCCCTTACCTAGTACAGCGTTGCGCTA,78.92
TACATAAGTACCGTAAGAAAGGGCCAAGGTCCTGAACCGTGGGGTTTAGTGTTCTGTTTACTTTGTAGGGTGGAAGACGGCTATTTTTAGCAGAAATGGGTGCTGGCCAAATCAGCATAATAGGTACTCAATATACAACGTTCTTATGCAGTTTTTTTGCCTTTCCTGATTTCCGGCGCGCTGATCGAGTAAGACACTGCGGAA,63.73
TAAAAAATAGGCCGTCGAAAGGGCTAGGGTGCTGACCCCGGGCAGGCAACTAGCCTTTTACATTTTAGTCCCGCGCACTGCTACTATTGAGAAAAATAGGTGCTGGGCATACGAGGGGAACGTGGACTCCAAGTAAACCGTGTTTTATCAATTCACCCGCCTATCCGGAACTCCGGTCCCCTAGTAGAGTATAGCAGCCCACAA,81.86
AAAAAAAAAGGGGTACGAAAGGGCTAAGGGTCTGAACCCCGGGCGTCCATTACCGTTTTACTATTTAGTTCCGCGCACCGCTACTATTGACCAAAATTGGTGCTGACGATTCGAGGGGAAAGGGGACTCTAAGTAAACCAGGTCTCGGCCTTTTATTTGCCTATCCCGAATTCCGCTTCCCTTGTCGAGTAAAGCAGCGCGCAA,91.18
TAACAAATGGGCGTACGAAAGGGCTAAGGGTCTGACCCCCTGGCGTCCATTGCCCTTTTACATTTTAGATCCGCGCACCGCTACAATTGACAAAAATAGGTGCTGGCAATTCGAGGGGAACGGGGACTCCAAGTAAGCCGGGTCTCAGCCTTTTATCTGCCTTTCCCGAATTCCGGTTCCCTTGTCGAGTTAAGCAGCGCGTAA,93.14
CCAGATATATCCTTTTGTAGGGATTAAGGCTCAAGATGCCTGAGGTAAGTTACCCTTATCCATTTGACGACCGTGCACCTCACCGATGTCGCACCGAACGCGCCGTCTATTCCACTCGAACATTTTTACCGTACAAACCGGATTTCCGCCTTGTCTGAGCCATAACCTAATCCCGGTAAACATATGATGTAATACCTAGCAGTT,54.41
ATCGGAACAGGAGGAAAACAGAGCTAATGTTCAGAACAACAGGCGTACTGGGCTATGATACAGATACGCGCTGCGCACCGCTAGTATATAAAGAACAAAGTACAGGACGTTCGAGGGAAAGAGGGAAGCCTAGAACAATTCGTTCCGGCCGATGAACTCACGCTGGCGTTTAGCGTGGCCGAAATCGAAGCAAGGATCGCGCAA,58.82
CTTAAAATTGGCCGACTGCCAGGCTATCGATCTGAAACCTTCGCATCCATAACCCCTGTGCCTATCACTGCTTAGCTCCGCCGCTCTGTCTAATTAGAGATAATGACCGTTCGATGTGTGCGGATCACCGAGGTAAAACTGATTCCGGCGTTCTCAGTCCCTCTCCCATAATCCGGTTCAGTTCGTGAGGCAAGCAGCACGGAA,59.8
CAAAAAATAGTGGTACGAAAGGCCTAAGTCTATGAACGCCGGGCACACATAGCCCTTTTATATTTTAGGTGCGCGCGCGACTGCTAATGTCAATAAAAGGTGCCGGCCAGTCGGGGGGAGCGGGGACTACCAGTAAACCGGGTTTCAGACTTTATGCTGCCTCTCCCACATGCCGGTTCCCTTCTCGAGTAAATCAGCGCGCAA,80.39
TGTTACAGGGGAGTACGTAAGGCGTTTAATTCTTGGCCCCCGACTTCGACGCCTGTTTTAAAATTCGGCGCTGTTCTCAGCTACACTTCACAGATAAATGTATTTGCATTTGCTGTCGGACGGAGGCGCCACGTCTGGAGGGTTCCGCGGTTCGACCGCCGATTCTCAAAGTGTCTTAGCGTTGCCGTGTAACGTCACCCGGAA,53.43
AAAAAAATAGGCGTAAGAAAGGGCTAAGGTTCTTAAGCCTGGGCGTCCATTAGCGTTTTACATTTTAGTTCCGCGCACCGCTACTATGGACAAAAATATGTGCTGGCCCTTCGAGGGGAACGGAGACTCCAAGTAAACCGGGTTTCAGCCTTTTATCTGCCTTTCCCGAATTACGGTTCCCTTATCGAGTAAAGCAGCTCGCAG,93.14
ATAATGGTAGGCTGTCAAAAGAGCAATTCTTCCGAGTCCCGGTCGTACATCACCCTTTTACCTGTTAGTTCCTTGCATCCCTAGTATAGACACATGTATGGCCCAGCCTATAGTGAGGAACCCGGGAGCTTAGTCACACGGAGTTTAGCCTTTCTGCTGCTACACCCGAATTTCGACTCCCCTGACTAGAAGAGCTGCCCCCTT,64.22
AAAAACATAGACGTACGAGAGGGCTAAGGTTCTGGCCCCCGAGTGGCCATTACCCTTTTACATTTCTGTACGGCGTATCACTACTATTGACAAATATAGGTGCTAGACATTCGAGTGGACCGGGGACTCCAAGTGAAGCGGGTTTCAGCCTTTTATCTGCGTTTCCCGAATTCCGGTTCCCTTGTCGAGTAACGCAGCGCGCAA,88.24
ACATGACATCCCGTTTGCAGCGGGTCAGGTACGGGACACCAGGTATCCCTTACCCTTTCAGATTGTCCAAGTGCCAACAGGCAATATTGACAAATGTAGGTGGTAGTCCTACGCTGCGAACGTGCCGGACTCATTAACCGGGTTAAAGCATCTTATCCGCTTTTCCCGCAAACAGTCTACCCTGTGAAACCAACCAGCGCGCAT,61.27
AAAAAAATAGGCGTACTAAAGGGCCATGCTTATGATACCCGCGCGTCCACAAACCTTTTCCATTGTAGTTCCGCCGACCACTACAATTAACTAAAATAGTTAGGGAGCTTGCGAGTGGAACGGGGACTCCGAGTAAACCGGGTTTCAGCCTTTTATTATCCTTCCCCAAATTCTGCTTCCCTTCTCAAGTAAAGCAACGCGCAC,80.39
AGAAAGATAGGCGTACGAAAGGGTTCCGGTACTGATCCCCGAGCGTCTTTTACGCTTTAACACATTAGATCCGCGCACGGCTACTCCGGAAAAAACTTGGGGCTGCCCATTCGACGCGTACGGGCCCTCCACGTCCAGCGTGATACATCCTGTTATCTGCCTTGCGCAAATTCCGGTTCCGTTGCCTAGTTAAGGAGCGGGCAT,76.47
AAAAAAAGAGGGGTACGATAGGGGTAACGCTCTGAACCGAAGGCGTACGTTACCCTTTTACATTTCTGGTCCGCGCAGACCTACTATTGAGAGAAATAGGTGCTGGACATTGGAGGGAAGCGCGGTCTCCAAGTAACCTAGGTTCAGCAGCAGTACCTGCCTTTCTCGAATTCCGTTTCCCTTGACGAGTAAACCAGCGCTCAA,67.16
CTATTGGTACGCTCACGAAATGGCTAACCTTTTGCACACTCGCCGCCAGGGAGACTTAGGCATTTTAGTTCGGGTTACCGAGACTATAGAGATCTAGTGGTACGGACAATTCCAGGGTAATGGGGACTACAAGCATAGCGTATTCCGCCCTGTTAACGGCCGTACACAAGTTAACGCTCGGTGTTGGAGAAGTGCAGACTTCAA,60.29
ATCAAAAAATTGTTTCTTCTTAAATAACGACCTGAACTCCGTGTGTCCAGTAGAGCTGTAGATTTTAGTAGCGCGAACCGCACCCAGTGACTAAGATCCATTGTGGCAAATCGAGGAGAGAGGTGCCTTAATGTATACGGGGCATCAGCCTTTTATCTGTCATTCCTGGACTACGGTTCGTTGCAAGGGTAGCGAAGCGCGCAA,64.22
AAAAAAATAGGCGAACGAAAGGGCTAAGGATCTGAACCCCGGGCGTCCATGCCCCTTTTGCATATTTGTTCCGCTCAGTGCTACTATTAACAAAAATAAGTGCTGGCCACTCGCTTGGAACGGGGACTCCACCCAAGACGGTTTTAAGCCTTTTATCTTCCTTTTCCGAATTCCGGTACGATTGTCAAGTAAATCAGCGCCCAC,84.31
AAAAACAAAATCGTACGAAGGAGCTAAGGTTGTGCCCCGCGTGCGTCTATAACCCAAATCCCCTTGAGGCCATCGCACCGCTACTATTGACTAAAAAAGGTGCTGGTTAGGCGGGGGGATCGGTGACAACAAGTATGCAGGCTTACCGCCTCTTATCTTACTTTTCCCACTTGTCGTAATTACGGCATGGAAAGCAGCACGCAA,68.14
AAACAAATAGGCGTACGACAACGCACAGGTTCTGAACCCCGGGCGTCCAGTACCCTTTTACATTTAAGCTCCGCGCACCGCTAATATTGACAAAAAAAGGTGCTGGCCATTCGAGGGGAACGAGGACTCCAAGTAAACCGGGTTTCAGCCTTTTGTATGCCTTGCCCGAATTCCGGTTCCCTTGTCGAGTAAAGCCGCGCGCAA,92.16
AAAGAAATAGTCAAACGAGAGGAATAAGGGTCTGAAACCCGGGCGTCCATTGCAGTTTTACATTTTGGTTCGGGGCACCGCTACTCCTGATGAAAATAGGTGCTCGCAATTCGAGGGGAACGAGGCCACCAAGTAAACCGGCTTTCAGCCTTGTATCTGATGCCGTAGAAGTCCGGTTCCGTTGGCGAGTAGCGCCTCCCGCAA,88.73
AAAAAAATAGGAGTACGAAAGGGCTAAGGTTCTGAACCCCGGGCGTCCATTACCCTTTTGCATTTTTGTTCCGCGCACCGCTACTATTGACAAAAATAGGTGCTGGCCATTCCAGGGGAACGGGGACTGCAAGTAAACGGGGTTTCAGCCTTTTATCTACCTTTCCCAAATTCCGGTTCCATTGTCGAGTAAAGCAGCGGGCAA,95.1
TCGAATATAGCCGTACGTAAGGGGTAAAGCATTGACCCACGAGCATCCGTTACCCTTTTACATTTCTGTTCCTTGAACCGTACCTATTGACAAAAATAGTTGTTGGCCACTCGAGGGGAACGGGGAAGCCAACTAAACCGGGCGCGAGCCTTTTAGCTGCGATTCACGGATTCCGGGTCCCTCGGCGGGTATTGCAGGGCTCGA,76.47
TAAGCCGTGTCCGGTCCGATGAGGGAAGGTTCTAAAGCTCTCTGGTCGCAAAACTTTCGACATAGGATTTGCTGTCATCCTTAATGTTGTTCCACATAGGAGCTGGCCATACGCACACCATATCGACAGTACGTAACACGGCGTTCAGCTTTCTATTGGAGATTCAGAAAAACTCGTGCTTTCATCATAGCAAGGCACACGCAC,51.96
AAAATAATAGGCGTACGAAAAGGATAAGGTTCTGAACCCCGGGCTTACAGTACCCTTTTCCGTTTTAGTTCCGCGCACCGCTACTATTGAAACAAAAAGGTGCGGGCCCTTCGTGGGGAACGGGGACTCCAAGTAAACCTGGTTTCAGCCTATTCTCTGCGTCTACGGACGTAGGCATTCCTTGTCGAGTAAAGCTGCGCTCAA,88.24
AAAAGAATCGGAGTGCGTGAGGCTTAAGTTTTGGATCCCCTGGACATAGATCCCCTTAGACATAGAAGTTACCACAGTGGCACCAGCCATGTACAGTGTTAGATTCCAAGCACAGCCGCTCGGTACCACTAAGTAGCGTCAGCAACTGCGGTATAGCAGCCTGTCTAAAACTGTGACTCCTTTGTCGCTGAAGCCTGTGCAGAA,50.49
AGCAGGGTGTGCGTGTTTAAGGGGAAACGAGCTGCCATACGGTCGAACGTTATCATTTTCCACTTGATATCCGCTTAACGATACTATTAACTAACCTAGGAGCGGACCATTGGAGGGGAATGGGCGATTAACTAAAACCGTATTCCAACCTATTATGCGCCTGTCCCGGACTCGGGTGTAATGGTCGACCGCAGCAGAGCGGAG,62.75
ACAGGAATAGGCGGACGAAAGTGCTAATGATTTGAACCCCGTGCTTCCATCACCCTTGTACATTTTAGTCCCGCGCACCGCTACTATTGACAAAAATAGGTGCCGGCAATTCGAGGGGATAGGGTAGTAGGATACCGACCGGTTTCAGCCTTTTATCTGACTTTCCCGAATTCCGGTTCCCTAGCCGAGTAAAGCAGCGCGGAA,87.25
AAAAAAAAAGGCGTAGGTAAGGGCTAAGGCTCTAAACCCCGATCGTCCATTACCTTTTTACATTTTAGTTCCGCTCCCCGCTACTAGTGACAAAAGTAGGTGCTGGCCATTCGAGGGGAACGGGGAGTCAGAGTAATCCGGGTTGCAGCCTTAGATCTGCCTTTCCCGAATGCCGGTTGCCTTGTCGAGTAAAGCAGCGCGCTA,89.22
AGGACAATAGGCGTCAGCAAGGGCTAAGGCTCTGAACTCCGGGCGTCTATTACCAATTAACATTTTAATTCCCCGCACCGCTACTATTGACAAAAATAGACCGTGGCCATTCTCGGGGTACGAGGACTGCAAGTGAACCAGGGATGAGCCATTTAACTGCCTTTCCCGGACTCCGGTTCCCTGATCGAGTAAATCGGCGCGCGA,81.86
GAATAATTATGCCTTCGAAAGAGCGTAGTTTCTAAGCCCTAGGCATCCATCATGCCAGTACATTTTAAAGAGGCGCAGGTCCCCTCATGAGAAAAATGGGTGATGGCCGTTGTAGGAGAACTGGGACTCCAAGCGACCCCCGTTTCAGCCTGTGATCGGCCCATCACGAACCCCGGTCCCCTTGTCGAAGACAGCAGCGGGGAC,70.1
AGAGAAATAGGAGCACATCCTGAGTTAGGTCTCGAGTGCTGCCGGATCCAGACGACATCACATATTAGTCCCGCTGCACGCGAGTATCCATAGATAGCGGAGGCGGCCAGTGCCCGGTAAGGGCAAAGACTGGTAGACTGCATTACACCTCGTAACAGGGCGTCCCTCAACGGGCGCGGCCTTGAGCGGGAACGCAGCCCGAAT,51.47
AATAAAATCGTACTAGTTAAGTCAAAATATAGAGGAGCGCCTATACTCATAACCAATTCACAGCTGTGTTACTCGCCACGTAGGCATTTAATAAAATTTGGGTTTGAGTTTGGAGGAGGACGGTGACTACAAGGACGCGTGGCTGCTACTCCTTGTTTGACGATCGCGTATCCCACTTCGATGCTGTAGTATACCAATACTCAG,53.43
AGAAGGATAAGGTTAGGATATGGTTAGGGTTCCGAAGGCCGTGTGTCCATTTCGCTTGCACGTTTTATTTCCGGGCAAGGGTACTAATGACAAAAATAGGTGTTGGACATGCGGAGGGAACGAGGACTCGAAGTAAATCTGGCTACACAACCGTGTACTTCCAGCTCGCATACCGGGTCGCTAGGTAAGAAAGGCAGCGCCACA,67.65
AACAAAATAGGCGTATATACGGGGTAAGGTTCAATTTCCCGGACGTCCGTTACCCTTTTACATTGTAGTTACGCGCACCGCGCCGATTGGCAAAAATAGGTGCAGGCGTTACACGGGGGACGGGGAGTACAATTGAGCCAGGTCTCAGCCTGTTATCGTCCTTCCCCAAATTCCGGGTCCCTTGTCGAGTATAGCATCGCGCCA,79.41
AACATGATAGGGCTACGATAGCGCAGAGGCTCCGCACCTCTTTCGTCCATTATACATCAACACGTCAGATGCGCCCACTGCGCCTAGTAACAAGGATAGATGCTGGCCTAACGGGGATTCTAGCATCTCGGAGTAGACCGTGCTTCTTACTGATTGATACCTATCCCTTCTTCCGGATCCCTTGTCTAGACTAGCGTAGCCCAT,62.75
AAATTGAGAGAACTAAGACAGGACTAAGGCCGTGAATCCCGGGCGTCCGAGACCATTCAATCTCTTAGTTCCGCACAATTCGATCGTGGCTAAAGAGCATTGCAGTCCATTCGCGGGGAACGAGGAGTGCTGGGATACCGGTTTTTAGCCTTGTATCTGACTTTTTCCATTTCCGATTCCCGAATACAGCAAAGCACCGCACAA,69.12
ATAAGAATAGGCGTACGAAAGGGCCAAAGTTCTTTACCCCGGGCGTCCATTGCCCTTTTGCATTTTAGTTCCGGGCACCGCTACTATTCACAAAAATAGGTGCTCGCCATTCGAGGGGAACGGGCACTCCAAGTAAACCGGGCTTCAACCTTTTCTCTGCTTTTCCCGAATTCCGCTTCTCTTGTTGAGTAAAGTAGCGCGCAA,90.2
AGAAAAATTGGCGGACGAAAGGGCTAAGTTAATAAACACCGGTCGTCAATCACACTTTTATAACTTGGTTCCGCGAAGCGCTACTATTGAAAAAACTAGGTGCGGGCCACACGAGACGGCCGGGGAAACCACACAAACAGGTTTGCAGCCGTTTCTCTGCCGTTCCCGAATTCTGGGTGCCTTTCCAAGTACCGCAGCGCGACA,76.47
AAGAAAATAGGCCTACGAAAGGGCTACGGTTCTCAACACCGGGCGTCCATTACCCTTTTACATTGTATTTCAGCGGACCGCTACTATTGGCCAAAATAGGTGCTCGTCATTCGAGGGGAACGGGGATTCCTAGTAAACCGGTTTTCAGCCGTTTATCTGCCTTTCCCGAATACCGGTTCCCTTGTCGAGTAAAGCAGCGCGCAA,91.18
AAAAAAATAGGCGTTCACAAGGGCTAAGGCTCTGCACGCTTGACGGACATGAACCCGTTCTTTTCTAGTTCGGGGCGCCGGTAATATTGCCAAAAAGTTGTGCTGGACCGTGGACGCGAACAGAGACTCAAACTACCCTAAGCCACGGCCTCTCATCTGCGTTGCCCGAATTCCAGGTCCATTGTTGTGTCAACCGAAGAGGAA,69.61
GGAATAAACGAGGATTCTAAGCGCTGAGGTGCATGCACCAACCTGGCCGTTTCCCTTTGATATTTCTGTTCCGCGCAGGCGTGCTGTAGGACGCGAAAGGTGCTGGCTCACCTCGCAGTCGCGGGCCTCTTATTTGACTGGATCTAGGTTTTTTAGCTATCTCTCGAGGATAACGGCGAAGTTTTCGTGTAAAGCAGCGCGTTA,56.37
ATAAAAATAAGCGTATGAAGCGTGTGACTATCTAAATTGCAGGCGTCCGATATCCGGTTAAGTTTTCGTACGGCGCTCGGGAAATATTTAGAAAGAGAGGTTCTCGCCATTAGAGGGGAACGCGTACTCCAAACATTACGGGTTTCAGCCTTTTCTTTGCATTTCCCGATTTCCGGTTCCATTGTCCAGTCAAGCAGTGCGCTA,73.53
TAAAAAATAGACGTACGCAACGGCTGAGGATCTGGACGCCGGGCGACCATAGCCCTTATAGATTTTAGTACCGCGCACCCCTACTATTGACACAAATGAGTGCTGGCCATTCGAGGGGCACGGGAAGTCAAAGTGAACCGGGCTTCAGCCTTTTTTGTGCCTTTCCTGAATTCCGGTTCCCTTAGCGAGTAAAGCAGAGCGCAA,85.29
AAAAAAACGGGCGTACGCAAGGGCTAAGGTTCTAAACCCCGGGCGGCCATTACCCTTTTACTTTTTAGTTCCGCGCACCGCTACTATTGACAAAAATTGGTGCTGGCCATTAGAGGGGAACGGGGATTTCAAGTAAACCGGGTTGCATCCTTTGATCTGCCTTTCCCGAATTCCGGTTACCTGGTCGAGTAAAGAAGCGCGCAA,92.16
TAATTTATGGTAGTCCCAAACAGCTATGGGTATCTCCCCTGCACGGCCATAACCCTTGTCTATTTTAATTCCGCGCCCCGCTACGATGGACGCATGTAGAAAGTTACCAGAGCATGAGAAGGGGTCATCAACGTTAACGGGGTTTCACGCTGTCATCCGACTTTCACCAGGTCGGGGTCCCCTTTTTAGTAGAGTAACGCCCTA,63.73
ATAAGAACATGTGTACGAAAAGGCTGAAGTTCTGAACCCCTGGCGTCCATTAGCCTTTTACGGGTCATTTCTGCGCACCGTCACAATTGACAAAAATCTCTGCTGACCATTCGATACCGGATACCACCCCAAGCAAACCGGGTTTCACCCTGTTATCTGCCTTTCCCGAATTCCGGATTCCTTTTCGATACAAGCCACGCACAA,79.9
AACAACGTACGTGTAAGAAAGGGCTAAGGTTCTGAACCCCGGGCGTCCATTACCCTTTTACCTTTTAGTTCTGCGCACCGCTTCTATTCGCAAAAATAGGTGCAGGCCATCCGAGGGGAACGGGGAGTCCAAGTACACCGGGATTCCGCCTTTTTTGTACATTTCTCGAATTCCGGTTCCCTTGTCGAGTAAAGCAGCCCGCAA,89.22
AAAGTAATAGTCGTAGGAACGGGCTAATGCTCTGAACCCCGGGCTGCCAATGCCCTCTTCAATTTTAGTTCCGCGCACCTCTACTATAGACATACATAGGTGCTAGTCATTCGAGGGCACCGGGGACTACACGTAAACCGGGTTTAAGCCTGTTGGCTTCCGTCGCCGAATTTCGGTTCCCTTCGCGATGAAAGCAGTGCGCCA,80.88
GAGGAAATATGCGTACGAAAGGGCCAACGTCCAAGGCCCATATCGTGGAGGTCCCATGTACTTTACAGTTCCGCGCACCCGGGAAGTTGACGCGTTTAAGTACTGGCCATTCCAAGGGGTGGGGGACTCTGTGTAAGCAACGTTTCAACATTGTATTTGTCTTTATAGATATCCGGTTCCCGTTTCGAGTACAACACGGGCCAA,66.18
ATAAAATGAGGAGTACAACAGAGTTAAGGTACAGAAGGACTAGCAGAGAATACCTTCTGACGGTTTAGTTCCGGGTTTCGCGCCTAGTGTCTGAATGAGAGGCTCGCGATTGGAGTTCAATGAGGACAAAAATTTAACCATGGCTCGTCGTTTTCTCCGCCCGGTCATCATTCTGGCCCGCTTGTCAGGCAACCCATCGATTTA,59.8
AAAAACAAAATCGTACGAAGGAGCTAAGGTTGTGCCCCGCGTGCGTCTATAACCCAAATCCCCTTGAGGCCATCGCACCGCTACTATTGACTAAAAAAGGTGCTGGTTAGGCGGGGGGATCGGTGACAACAAGTATGCAGGCTTACCGCCTCTTATCTTACTTTTCCCACTTGTCGTAATTACGGCATGGAAAGCAGCACGCAA,72.06
AAACCAATTGGCGTACTAAATGGCTAAACTTATAGGCACCGGGTGTCCATTAAGCTTTTACCTTCCAATGCCACGAGCCGCTTCTAATTACAAAAATAGGTTATAGCCATTCTACGGGACCGAGTACTACGTGTAAAGGGGCTTTCTGACTTTCATGTAGTTGTCCCGAAATCAGGTTCCCTGATCGAGTCAAGAAGCGCGCAA,73.53
AATAAGCCACACGTTCGAAGTGTCTAATGAGATGACGTCCGGTCGCCGAAGATTTATCAACATTATAGTGCAGCCCTCTACTACCATTCACGAATGCAGGTCTTGGCCATCCCACGGTATCATGGACCTCACGCTGACCGGTCTCAAGCGTTCTCACGGGCTTCGCCGAATTGCGCTTCCGCTGACGATTACGGGCACTCGCAA,60.78
ACAAAACCAGGCGCTGGAAACGGCTAAGGCTTCGAACCCGGGGTGTTAATTCCCCTTTTACATTGTAGTTCCGCGCAAAGCGACTATTGACCGAACTATCAGATGGCCATTCGAGGGGAACGGGAGCTCCACGTAGACCGAAATTCAGACTGTTCTCTGCCTTTGCCGATTTACTGTTCCCTTGGGGAGTACAGCAGCGCGCCA,78.43
AAACGAATAAACGTACGTAAGCGGTAAGGCTCTCTACCCCGGGCGTCCAGACTTGCATTTCTATTTAGTTCCCCGGACGGCTACAATTTACATCACTAGCTCCTGGACATGCGAGGGGGACGGGGGCTTCAAGAAAACCAACCTTCAGCCTTTTCTTAGCGTTTCCAGATTGACTGTTCCCGCGTCGAGTAGAGCAGCGCGCAA,77.45
AAAAAAATAGACGTGGGAAAGGGCTGAGGTGTACAACCCAGGGCGTCCGTTACCCTTTTACATGTAAGTTCCGCGCACCGATGCTATTGACCCAAACGGGGCGTTCTCATTAGAGTTTAACGGGGACCCCAAGGAAGCCGGGTTACGGGCTTTAATCTCAGTTTACCGAATTCCGTTTCAATTGTAGGTTACTGCGTGGCGCCT,74.51
AAAGAACTAGGAGGACAAAAGGTCTAAGGTTCTGAACCCCGGGCGTCCATTACCCTTTTACATTTTAGTTCCGCGCACTGCTAGTATGGACTAAGATAGGTGTTGGCCATTCGAGGGGAACCGGGTCTCCAAGTAAAACGGGTTTCAGACATTTACATGCCTCTTCCGAATAATGGTTTCATTGCCGAGTAAATCAGCGCGCAA,86.27
ATAAATCTAGGCGTACGATAGTGCTAGTGTTCTGAAGCCCGGGCGTCTATTTCCCTTTTACATTTTATTTCCGCGCACCGATACTATTGAAAAAAATAGGTGCTGGCCCATCGAGGGGAACGGGGTCTCCGCATAAACCGTATTTCAAACTTTTATCTGCCTACCACGAAATCCGGTTCCCGGGTCGAGACAAGGAGCGCCCAA,83.82
AGAATCGTAGCCAAACGTGGGAGTTAAGGCGCTGAACCCCGGTAGTCCAATACCGCTCAGTATTGGAGATAGGTACTCCGCTACCATGGGCAAGAATAGGTATTGTCAATGATAGGAGAGCGGGGGCACCAAGTAATGCCTGTTTGAGGCTTTGATCTGTCTCATACGATTTCCGCGCGATTTGTGTTGGAACGAATAGTACCA,62.75
AAAGAAATAGTCAAACGAGAGGAATAAGGGTCTGAAACCCGGGCGTCCATTGCAGTTTTACATTTTGGTTCGGGGCACCGCTACTCCTGATGAAAATAGGTGCTCGCAATTCGAGGGGAACGAGGCCACCAAGTAAACCGGCTTTCAGCCTTGTATCTGATGCCGTAGAAGTCCGGTTCCGTTGGCGAGTAGCGCCTCCCGCAA,82.84
CAAACCATAAGAGCGCTCACAGGCTAAGGTTCAGAAACGTTCGCGTCGATTACCCTTTCAAGACTGCGTCCCCCGCACGGCTCATATCCACACAAACAGGTGCTGGACACGCGGCTGCAACGGGGTCTAGAAGTTTCTCAGTCCTCTGCTTCTTTGTTGTCTAAGTAGAGATCGTGGTCGCCGTGCGAGTAAAGAAGGGCACAT,61.76
AAAAAAATAGGCCTTCGAAAGGGCTAAGGTTCTGAACCCCGGGCGTCCATTACCCTTTGACATTTTAGTGGTAACTGCTGCTACTATTGACAAAAATAGGTGCTGGCCATTCGATGGGAACGGGGACTCCAAGTAGACCGGGTTTAAGCCTTTGATCTGCCTTTCCCGAATTCCGGTTCCCTTCTCGAGTAAAGCAGCGCGCAA,95.1
ACTCAAATATCCGTGAGACAGGGCTACGCTTCTGCTCCCCATGCTTCCATTATGCTTTCACTTATTGGTTCTGCGCAGCTCGACTTCTGACGTAAATAGGTCCTGGCCCTTCGAGGGGTACGGTGACTCCAAGGAAATCGACTATCGGCCATTTATGTGCCTATCCCGCATTGAGGTTTGTTTTTCGACTAATGCCGCTCGCAA,74.02
AAGAAAATAGTCCGACTACAGGGCTATTGTTGTGGATCGAGGGCGTCCGTTAAACCTTTTAATGCTAGTTCCGCTAACCGTTAGTATTGATACAAGTAAATGCTGAGTATTAGAGGGCAACGTCGACTATATGTATACCGTAATGCAGCATTTGAATTGTCACTCAGGAATTTCAGTTCCATTGACGATTAATGTAGCAAGGGA,68.14
AAAAAAATCGGGGTAAGAAATGGCTAAGGTTCCCGACCCCAGACGTCCTGTACCCTTTTACAATTGAGTTCAGCACACTGCTGCTAATGACATAAATAGGTGCTGGCCAGGGGAGGGGAACGGCGACTCCTAGCAATCCGGGTCTCAGCCTACTATATGCATGTCCCGAATTCCGGCTCCCTTGTCGAGTTAAGCACGTCGGAG,80.88
AAAAAAATAGCTGTTTGGAATGGTTAAGGTTCTAAACCCCTGGGGTCCCTCACCCTATTAAAGTTTGTTACCGCGCATCGCATTTAATGATAAAAATAGTCGCTGGGCATTCTCGCGGGACGAGGACTCCAAGTAGGCGGGATTTCAACCGATTAGCAGCCTTTCCGGAAGTTCGGTTTCCTTGTACTGTTTAACAGCCCCCCA,73.53
ACACAAATATGCATGCTAAAGCGCGGAGGTTCGGAGCCCTTTGCTACCAATCCCCTGACTCCTCTTAATTACGCGACCCGGATGTATCGCGAAAAAGAGGCGAAGGCCATTCGAGGGGAACGAGGACTCCATGTAAACGGGGTATCAGCCTTTTAACTGCCTTACCCGAATTTTGGATGCTAAGTCGAACAGAGCAGCGCGGAA,73.53
AAAAAAATGGGCGTACGGAAGGGCAAAGGTACTGAACCCCGGGCATCCATTAACCCCTTAGATATTAGTACCGGGCACCGTTACTATTGACAAAAATAGATCGGATCCATCCGCGAGGAACGGGGACTCCGAGTAAACGGGGTTCCAGCCTTTTTTCTAGCTTTCCCGAATTCCGGTTCCCTTGTCGTGTAAAGAAGCGCGCAA,87.75
CCCAAGAGGAACGAACCGAAAGACAGAGGTTATTCGCGCCGGGGGTTCCTGACCCTTATCCAGTTTAGTCACCCGCTCCTCCACTAGTAAAAAAGATAGGCCCCGGCCAGTGATAGGGTACCGGGACTCGGAGGATAGCGGGTCCCAGTCTTTTATCTGGAGTTCCCAGATTCCGCTTCATTTGTCGAGTAAGCCAGCGCGCAA,68.14
AAAAAGCTACCGGCGCTCGCAGGCCAATGTTCTGATCACCCGAATGCCATTTCCGGTTAACCCTTCAGCTCGCCATACCGCTAAACTTGACAATAATAGGAGCTGGAAATGCGTGGTGTGTGTCGACTCCAATAGAACCACGGTACAGAGTTTTATCTTTTCTTTCATAATCCCGGTTCATGTCTCGTATCAGTCCACGCGCAA,62.75
ATAATGATAAGGCTAAGAGGGGGCTCCAGTTCTGACACCCGGGAGTCCTTCTCCCTGTTGCCGAGCGGTTCCGCCAACCGCTAATCTAGAGACCAGTAGTTGTCGCCCACTGGCGGGATCCATAGGTTTGAAATATACCCGGGAGCTACCTTTGGTCTTCCTTTCCCGAAGTCAGTTCGCGTTGTCTGACAGAGCTGCGTGCAA,62.75
AAATAATTAGGTTAACGAAACCTCCAAGGTCATTAACACCAGGCGTCAACTCCCTTCTAATATTTTTGTTCCGCTGACCTTCACTATTGACCTAAACAGGCCTTAGCCATTCAAGGAGAACCGTGCATCCCACTAAAATCGGTTTCAGTGGATTATCTGCCCTACCCGAATGCCCGTCAGTATGTCGCCTATAGCAGCGAGCAA,69.61
AGAATAGTAGAAATATGGAAAGGCTTTCGTGCTGCCCCCCGGCCTGCCCTCACCCGGTTAGGCACTTATTCCGTGTGGCTACAAAGATGATAAGCATACGTATAACCTAGACGAGGTGAAAGAGCAACCAATTTTCATCTTGTCACTGCCTTGAGTCTCGCTTTTCCAGAGGACGGCACCCTTATGCAATAAAGCAGTGCGTTG,55.88
ATTGAATGCACTTGGGGGAGGGAGGAGGGATCGGAACCTTAACCATACATTATCTTCTTACATTTCAATTGCGAGCCCCCGAACTAAGCTCATACATTATAACGGGCCGTTCCTTCTCACTCGTGAATCGAAGGAAGCCGTCTGTAAGCCTCTGCTTAGCTGTGCCCGAATTGAGGCATGCACCTAGAGTCACGAGACCTCCCA,52.45
AAAAAAAGAGGGGTACGATAGGGGTAACGCTCTGAACCGAAGGCGTACGTTACCCTTTTACATTTCTGGTCCGCGCAGACCTACTATTGAGAGAAATAGGTGCTGGACATTGGAGGGAAGCGCGGTCTCCAAGTAACCTAGGTTCAGCAGCAGTACCTGCCTTTCTCGAATTCCGTTTCCCTTGACGAGTAAACCAGCGCTCAA,83.33
AAAAAAATGGGCGGACGAAACGGCTAAGGTTCTGACCCCCGGGCGTCAATTACCCTTTTACATATTAGTTCCGCGCACCGCTACTATTCACAATTCCAGGTGCCGGCCATTCGAGGGGAACGGGGACACCAAGTAAACCGTGTTTCAGCCTTTTAACAGCCTTTCCCGAATGCCCGTGCCTTTATAGCTTAAAGCAGCGCGCAA,88.24
AATCGAATGAGTCCACGAGAGGACTTAAGTTCTGAACCCCAGTCGTCCTTTACGCTTTTTCATGTTAGTGCCGCGAACAGCTGCTGTTGACAAACAAGGGCGAAGGCCAGGCCTACGTAGGGGTGACTCATAGTTAAGCGGGGTTACGTCTTTGATCGATCTTTCCCGAGTCCCGTTATCCATGCCGACTAGAACAGTGTGCAA,69.12
AAAAAAATATGCGTACAGAAGGGCTAAGGGTCTTATACCCGGGCGTCCATTTCCCCTTTTCAATTATGTTCCGCGCACCGCAAATATTGACAAAAACAGGTGCCGGCTATTAGAGGGGACCGGGGTCTCCGAGGTAACCGGATTTCATCCTTTTATCTGCATTTACCGAACTCCTGATCCCTTGTCGAGTAAATGAGCGCCCAA,83.33
TAATGCGTACGCGCCCGGGCGACGAAACCTTCTGCCCCGAAATGGTCAGTATCTCGTCACCATCTTAGTACCTATCCTCTCGGCTATAGCTAAACTGAGGTACGAGGCAAGAGGAAGGACCTCATGCACCAAGTACTCCGTATGTCAGCCCTTACTGCGCCATTCTAACACTTCGTTCTCCTTTTCGCCTAACGCTGTGCGAAT,53.43
TAAAAAATAGGCTTACGAAAGGGCTAAGGTTCTGAACCCCGCGCGTCCATTACCATTTTACATTTTAGATCCGCGGTCCCCTAAGATTGACAAAAATATGTGCTCGCCTTTCGAGGGGAACGGTGACTCCAAGTAAACCGGGTCTCAGCCTTTTATATGCCTTCCCTGAATTCCCCTTCCCTTGTCGTGTAAAGCAGCGCGCAG,89.22
AAAAAAATGGGCGTGCGAAAGGGCGAAGGTTCTGAACCCCGGGCGTCAATTACGCTGACTCATTTTAGTCCCACGCACCGCTACGATTGACGAAAATAGGTGTTGGCCATTCGCGGGGAACGGGGACTCCAAGGATGCCGTGTTTCAGCCTTTTATCTGCCTTGCACGAATTCCGGTCTCTTTGTCGAGTACAGCAGCGCGGAA,88.73
AAAAAAATAGGGGTACTAATGGGCGAAGGTGCTGAACACCGGACGATCATTACCCTTTTACATTGTAGTTCGGCGGATTGCTATTATTGACAAAAATAGGGGCTGGCTATTCGACGGGACCGGGGAATCCAAGAAAACCTGGTTTCAGCCTTTTATCTGCCTTTAGCGACTTCCGGTTCCCTAGTCGAGTAAAGCAGCGCGCAA,87.25
ATACAAATAGGCGTACGATAGGGCTAAGATTCTGAACCGGGGGCGTCCCTTAGCCTTTCATATTATAGTTCCGCGGACCGCTAGTATTGACAAAAATTGTCGCTGGCCCAAGGAGGGGAACGGGGATTTCAAGGAGACCTGCTTTCTGCCGTTATTAGGCCCTTTCCCAACGCCGGTTCACGTGACGCGTAGGGCAGCCCGCAA,78.43
AGCAAAAATAGCGCACGAAAGGGCGAAGCCTTTTACCTACCGACCTCCATGAACCGTTAACGATTACCGTCAGGGCTGGACGTCGATGGGCAAAAAGCGGTTGAGCACGTTCGAATTGTAAGCGCTCACCAACAAAGCCCGGGTTCAGCCATTGCTCTTACATAGTTAGCTGGCCAATCTCTAGTCGGGCTAACCGGGACGCAA,57.35
AAAAGAATAAGGCTAAGAAGGTGCTAAGGTTCCGAACCCCTGGCGAACATTACCCTGTCACATTTTCATTCCCCGCACCGCTACTATTGACATATATTGGTGCTGCCAATTCGCGTGGGACGGGGACTCCGCGTCAACCGGGTTTCAGCCTCTTATCTGCCTTTCCCGACTACAGGTTCGCTTGTCGAGTAAAGCAGCGCTGAA,85.29
TAAAAAATAAGCGTACGAAACGGATAAGGTTCTGAAACCCGGGCGTCAATTACCCTTTTGCTTTTTCGTTCGACGCTCCGATACGATTGACAAAAATTGGTGCTGGCCATTCGGGGGGAACGGGGACTCCAAGGAATCCGGGGTCCGGCCTTTTTTCTGCCTTTCCCGTATTCACGTTCTCGTGTCGAGAAAAGCAGCTCGCAG,85.29
ATAAAAATAGGCTTACGAAAGGGCTATGGTTCTGTACCCCGGGCGTCCGGACTTGCATTACAATTTAGTTCCGCCCACCGCTATTACTGACGAAAATGGGTGCTGGCCATTCAAGGGGCAGGAGGACTCCAGGTGAACCGGCCTCCACTCTTTTATCTGCCTTTCTAGAATTACGGTTCCTTTGTCGTGTACAGCGGCGCACAC,83.82
ACTATAATAGGTGTACGAAGGAGCGATCGTGATGAACCCTGGGCGTACATTACCCTTTGACATATTCGTTCCGCCCACCGCTATGATCGACAAAAGTAGGTGTTGTCAGTAAGAAGGGAACGGGTACTCCCAGTAAACCCGGTTTCAACCTTTAATACGCGTTTCCCGAATTACAGTACGTTTGACCAGTAAAAGCGAGAGCAA,77.45
